date,RZMRE,RZCHE,RZJME,RZMRE3D,RZCHE3D,RZJME3D,RZMRE5D,RZCHE5D,RZJME5D,RZMRE10D,RZCHE10D,RZJME10D,RZRQYE,RZYE,RQYE,RZRQYECZ,ZDF,ZDF3D,ZDF5D,ZDF10D,RZYEZB
2025-01-02,1225.55898683,1295.78164663,-70.2226598,3651.2850398,3844.68491818,-193.39987841,6394.34243024,6616.90524837,-222.5628182,13091.74441066,13317.77076794,-226.02635744,18571.21137843,18471.22937233,99.9820061,18371.24736623,-2.910249,-4.035023,-4.145742,-3.082146,2.440518
2025-01-03,990.12565096,1167.64490867,-177.51925771,3437.72779151,3841.09861318,-403.37082168,6078.05356115,6489.81637638,-411.76281527,12746.31433431,13157.5387098,-411.22437563,18389.37584469,18293.71011462,95.66573007,18198.04438455,-1.183919,-5.598575,-5.324548,-4.316317,2.463298
2025-01-06,796.70512849,877.19439459,-80.48926611,3012.38976628,3340.62094989,-328.23118362,5438.11581925,5889.52422144,-451.40840223,12030.05517572,12567.66572581,-537.61055021,18306.66484755,18213.22084852,93.44399903,18119.77684949,-0.164101,-4.217153,-5.326786,-4.042381,2.457288
2025-01-07,927.72189875,925.16697404,2.55492471,2714.5526782,2970.0062773,-255.45359911,5162.15481875,5643.45998181,-481.30516308,11573.65754425,12048.37181693,-474.71427279,18312.23241469,18215.77577323,96.45664146,18119.31913177,0.719979,-0.63579,-5.074934,-3.494694,2.433735
2025-01-08,1062.74560997,1106.83165488,-44.08604491,2787.17263721,2909.19302351,-122.02038631,5002.857275,5372.61957881,-369.76230382,11411.45550545,11943.77644162,-532.32093625,18273.25038001,18171.68972832,101.56065169,18070.12907663,-0.181507,0.372182,-3.70264,-4.88173,2.430336
2025-01-09,967.70359683,972.0160945,-4.31249768,2958.17110555,3004.01472342,-45.84361788,4745.001885,5048.85402668,-303.8521417,11139.34431524,11665.75927505,-526.4149599,18270.84496636,18167.37723065,103.46773571,18063.90949494,-0.246436,0.289405,-1.060568,-5.162342,2.435911
2025-01-10,966.68602809,1055.29769497,-88.61166688,2997.13523489,3134.14544435,-137.01020947,4721.56226213,4936.50681298,-214.94455087,10799.61582328,11426.32318936,-626.70736614,18180.07854484,18078.76556377,101.31298107,17977.4525827,-1.253922,-1.676057,-1.130658,-6.395004,2.464175
2025-01-13,788.69743622,797.09077712,-8.39334093,2723.08706114,2824.40456659,-101.31750549,4713.55456986,4856.40319551,-142.84862569,10151.67038911,10745.92741695,-594.25702792,18169.29928318,18070.37222287,98.92706031,17971.44516256,-0.26705,-1.76032,-1.23261,-6.493738,2.466661
2025-01-14,1335.07681738,1219.96140253,115.11541484,3090.46028169,3072.34987462,18.11040703,5120.90948849,5151.197624,-30.28813556,10283.06430724,10794.65760581,-511.59329864,18284.90911692,18185.48763772,99.4214792,18086.06615852,2.633342,1.075754,0.64366,-4.46394,2.406558
2025-01-15,1055.72839467,1038.14083738,17.58755728,3179.50264827,3055.19301703,124.30963119,5113.89227319,5082.5068065,31.38546663,10116.74954819,10455.12638531,-338.37683719,18303.71036026,18203.07519501,100.63516525,18102.44002976,-0.641624,1.702498,0.179739,-3.529556,2.421651
2025-01-16,1198.59736623,1186.86148106,11.73588515,3589.40257828,3444.96372097,144.43885727,5344.78604259,5297.35219306,47.43384946,10089.78792759,10346.20621974,-256.41829224,18316.26707741,18214.81108018,101.45599723,18113.35508295,0.114794,2.091883,0.542512,-0.52381,2.414157
2025-01-17,1034.16548766,1101.23073079,-67.06524313,3288.49124856,3326.23304923,-37.7418007,5412.26550216,5343.28522888,68.98027321,10133.82776429,10279.79204186,-145.96427766,18248.37730635,18147.74583705,100.6314693,18047.11436775,0.314687,-0.21454,2.139657,0.984807,2.399379
2025-01-20,1117.22490768,1108.10420957,9.12069807,3349.98776157,3396.19642142,-46.20865991,5740.79297362,5654.29866133,86.49431221,10454.34754348,10510.70185684,-56.35431348,18257.94147367,18156.86653516,101.07493851,18055.79159665,0.454668,0.886464,2.878792,1.610697,2.390932
2025-01-21,1177.74717422,1164.55941067,13.18776354,3329.13756956,3373.89435103,-44.75678152,5583.46333046,5598.89666947,-15.43333909,10704.37281895,10750.09429347,-45.72147465,18272.87282243,18170.05429871,102.81852372,18067.23577499,0.076719,0.848096,0.316055,0.961749,2.391338
2025-01-22,1069.61958176,1087.90690612,-18.28732437,3364.59166366,3360.57052636,4.02113724,5597.35451755,5648.66273821,-51.30822074,10711.24679074,10731.16954471,-19.92275411,18254.37118525,18151.76697435,102.6042109,18049.16276345,-0.928815,-0.402018,0.026096,0.205882,2.411884
2025-01-23,1330.72201654,1382.7036152,-51.98159866,3578.08877252,3635.16993199,-57.08115949,5729.47916786,5844.50487235,-115.02570455,11074.26521045,11141.85706541,-67.59185509,18200.28952981,18099.78537569,100.50415412,17999.28122157,0.177173,-0.677146,0.08842,0.631412,2.399885
2025-01-24,1132.65689677,1244.47874814,-111.82185141,3532.99849507,3715.08926946,-182.09077444,5827.97057697,5987.7528897,-159.78231283,11240.23607913,11331.03811858,-90.80203962,18083.28674061,17987.96352432,95.32321629,17892.64030803,0.765556,0.006502,0.538273,2.689447,2.362531
2025-01-27,954.44997814,1297.04437381,-342.5943957,3417.82889145,3924.22673715,-506.39784577,5665.19564743,6176.69305394,-511.4974066,11405.98862105,11830.99171527,-425.00309439,17739.50642189,17645.36912865,94.13729324,17551.23183541,-0.411794,0.528404,-0.32891,2.540413,2.326901
2025-02-05,1312.03887,1113.59325091,198.44561908,3399.14574491,3655.11637286,-255.97062803,5799.48734321,6125.72689418,-326.23955106,11382.95067367,11724.62356365,-341.67289015,17940.57183304,17843.81474774,96.7570853,17747.05766244,-0.576236,-0.227647,-0.979219,-0.666259,2.360042
2025-02-06,1599.10676235,1452.81726353,146.28949879,3865.59561049,3863.45488825,2.14072217,6328.9745238,6490.63725159,-161.6627279,11926.32904135,12139.2999898,-212.97094864,18090.82868336,17990.10424656,100.7244368,17889.37980976,1.258117,0.260059,1.2066,1.233011,2.341482
2025-02-07,2064.830191,1954.32684539,110.50334559,4975.97582335,4520.73735983,455.23846346,7063.08269826,7062.26048178,0.82221635,12792.56186612,12906.76535413,-114.2034882,18204.93243369,18100.60759217,104.32484152,17996.28275065,1.297777,1.981164,2.338719,2.429207,2.32643
2025-02-10,1750.34462398,1559.04692654,191.29769744,5414.28157733,4966.19103546,448.09054182,7680.77042547,7376.82866018,303.9417652,13508.74100244,13364.58154988,144.15945237,18399.14013456,18291.90528961,107.23484495,18184.67044466,0.214735,2.79248,1.779299,2.327149,2.334018
2025-02-11,1586.67691273,1525.17492474,61.50198798,5401.85172771,5038.54869667,363.30303101,8312.99736006,7604.95921111,708.03814888,13978.19300749,13781.65226505,196.54074228,18462.4815806,18353.4072776,109.074303,18244.3329746,-0.459531,1.048805,1.730511,1.395909,2.346561
2025-02-12,1726.41403256,1654.35069391,72.06333864,5063.43556927,4738.57254519,324.86302406,8727.37252262,8145.71665411,581.65586844,14526.85986583,14271.44354829,255.41631738,18537.21133441,18425.47061625,111.74071816,18313.72989809,0.945795,0.697687,3.287855,2.276441,2.331984
2025-02-13,1803.25951246,1811.4895684,-8.23005597,5116.35045775,4991.01518705,125.33527065,8931.52527273,8504.38895898,427.13631368,15260.49979653,14995.02621057,265.47358578,18528.64361943,18417.24056031,111.40305912,18305.83750119,-0.375572,0.104536,1.621419,2.847583,2.3426
2025-02-14,1711.37408006,1705.45480697,5.91927307,5241.04762508,5171.29506928,69.75255574,8578.06916179,8255.51692056,322.55224116,15641.15186005,15317.77740234,323.37445751,18532.60044599,18423.1598334,109.44061259,18313.71922081,0.867285,1.438871,1.189551,3.556091,2.330633
2025-02-17,2015.46027312,1854.55662086,160.90365225,5530.09386564,5371.50099623,158.59286935,8843.18481093,8551.02661488,292.15819597,16523.9552364,15927.85527506,596.09996117,18696.03764506,18584.06348566,111.9741594,18472.08932626,0.212993,0.702489,1.187792,2.988225,2.341206
2025-02-18,1716.5208104,1786.21130337,-69.69049298,5443.35516358,5346.2227312,97.13243234,8973.0287086,8812.06299351,160.96571501,17286.02606866,16417.02220462,869.00386389,18622.25094287,18514.37299269,107.87795018,18406.49504251,-0.876917,0.195719,0.763499,2.507223,2.363206
2025-02-19,1760.72444201,1659.57565618,101.14878582,5492.70552553,5300.34358041,192.36194509,9007.33911805,8817.28795578,190.05116219,17734.71164067,16963.00460989,771.70703063,18724.33521049,18615.52177852,108.81343197,18506.70834655,0.699689,0.029238,0.517837,3.822718,2.348367
2025-02-20,1739.72263086,1671.7496456,67.97298522,5216.96788327,5117.53660515,99.43127806,8943.80223645,8677.54803298,266.25420338,17875.32750918,17181.93699196,693.39051706,18795.29673059,18683.49476378,111.80196681,18571.69279697,-0.285884,-0.468724,0.608329,2.239612,2.339147
2025-02-21,2366.81204931,2305.20882447,61.60322484,5867.25912218,5636.53412625,230.72499588,9599.2402057,9277.30205048,321.93815515,18177.30936749,17532.81897104,644.49039631,18858.427604,18745.09798862,113.32961538,18631.76837324,1.26112,1.678118,1.001153,2.202614,2.322996
2025-02-24,2177.76351965,2058.46414906,119.29937059,6284.29819982,6035.42261913,248.87558065,9761.54345223,9481.20957868,280.33387349,18604.72826316,18032.23619356,572.49206946,18979.54207981,18864.39735921,115.1447206,18749.25263861,-0.21936,0.75014,0.5654,1.759908,2.338903
2025-02-25,1945.67519161,1878.46538629,67.2098053,6490.25076057,6242.13835982,248.11240073,9990.69783344,9573.4636616,417.23417177,18963.72654204,18385.52665511,578.19988678,19045.87507117,18931.60716453,114.26790664,18817.33925789,-1.110064,-0.082603,0.328861,1.09487,2.367195
2025-02-26,2035.44689988,1935.4006564,100.04624347,6158.88561114,5872.33019175,286.55541936,10265.42029131,9849.28866182,416.13162942,19272.75940936,18666.5766176,606.18279161,19148.50899719,19031.65340801,116.85558918,18914.79781883,0.873506,-0.465074,0.502038,1.022475,2.355675
2025-02-27,2022.09173062,2003.46461545,18.62711516,6003.21382211,5817.33065814,185.88316393,10547.78939107,10181.00363167,366.78575936,19491.59162752,18858.55166465,633.03996274,19167.04529366,19050.28052318,116.76477048,18933.5157527,0.206432,-0.04033,0.998245,1.612646,2.356306
2025-02-28,1695.95531448,1874.53656757,-178.58125312,5753.49394498,5813.40183942,-59.90789449,9876.93265624,9750.33137477,126.6012814,19476.17286194,19027.63342525,448.53943655,18982.71362284,18871.69927009,111.01435275,18760.68491734,-1.967362,-0.906902,-2.221856,-1.242947,2.390618
2025-03-03,1471.33731712,1479.27290753,-7.93559043,5189.38436222,5357.27409055,-167.88972839,9170.50645371,9171.14013324,-0.63367962,18932.04990594,18652.34971192,279.70019387,18975.99174136,18863.76367968,112.22806168,18751.535618,-0.040485,-1.804762,-2.046572,-1.492743,2.387297
2025-03-04,1341.56651552,1322.44463843,19.12187708,4508.85914712,4676.25411353,-167.39496647,8566.39777762,8615.11938538,-48.72160784,18557.09561106,18188.58304698,368.51256393,18996.55204345,18882.88555677,113.66648668,18769.21907009,-0.083658,-2.089029,-1.029885,-0.704412,2.383794
2025-03-05,1395.66726301,1361.39291809,34.27434487,4208.57109565,4163.11046405,45.46063152,7926.61814075,8041.11164707,-114.49350644,18192.03843206,17890.40030889,301.63812298,19033.35590735,18917.15990169,116.19600566,18800.96389603,0.446559,0.321896,-1.448777,-0.954012,2.376174
2025-03-06,2032.17348629,1861.24249961,170.93098665,4769.40726482,4545.08005613,224.3272086,7936.69989642,7898.88953123,37.81036505,18484.48928749,18079.8931629,404.59612441,19206.86276402,19088.09088837,118.77187565,18969.31901272,1.375153,1.742666,-0.299361,0.695895,2.365482
2025-03-07,1779.80198526,1875.30910959,-95.50712435,5207.64273456,5097.94452729,109.69820717,8020.5465672,7899.66207325,120.88449382,17897.47922344,17649.99344802,247.48577522,19110.25947635,18992.58376404,117.67571231,18874.90805173,-0.308945,1.51326,1.387273,-0.865406,2.361312
2025-03-10,1473.84186284,1376.71275616,97.12910664,5285.81733439,5113.26436536,172.55296894,8023.05111292,7797.10192188,225.94919089,17193.55756663,16968.24205512,225.31551127,19208.45827353,19089.71287072,118.74540281,18970.96746791,-0.385711,0.672152,1.037116,-1.030681,2.375585
2025-03-11,1469.11158031,1451.9710421,17.14053818,4722.75542841,4703.99290785,18.76252047,8150.59617771,7926.62832555,223.96785199,16716.99395533,16541.74771093,175.24624415,19227.24814578,19106.85340893,120.39473685,18986.45867208,0.321062,-0.374629,1.446376,0.401595,2.368134
2025-03-12,1720.49955718,1603.58113237,116.91842475,4663.45300033,4432.26493063,231.18806957,8475.42847188,8168.81653983,306.61193187,16402.04661263,16209.9281869,192.11842543,19344.78856644,19223.77183374,121.0167327,19102.75510104,-0.359876,-0.425526,0.631914,-0.826017,2.384617
2025-03-13,1507.39555628,1568.68048897,-61.2849327,4697.00669377,4624.23266344,72.77403023,7950.65054187,7876.25452919,74.39601252,15887.35043829,15775.14406042,112.20637757,19282.39229349,19162.48690105,119.90539244,19042.58150861,-0.398556,-0.438365,-1.12879,-1.424772,2.391746
2025-03-14,1817.11969978,1804.73701591,12.38268378,5045.01481324,4976.99863725,68.01617583,7987.96825639,7805.68243551,182.28582065,16008.51482359,15705.34450876,303.17031447,19296.59831192,19174.86958492,121.728727,19053.14085792,2.428109,1.652731,1.585755,2.995027,2.348172
2025-03-17,1551.58994691,1430.16767848,121.42226836,4876.10520297,4803.58518336,72.52001944,8065.71634046,7859.13735783,206.57898237,16088.76745338,15656.23927971,432.52817326,19417.7756771,19296.29185335,121.48382375,19174.8080296,-0.243828,1.771123,1.730446,2.785509,2.355587
2025-03-18,1546.18602979,1463.74695197,82.43907777,4914.89567648,4698.65164636,216.24402991,8142.79078994,7870.9132677,271.87752196,16293.38696765,15797.54159325,495.84537395,19498.04994537,19378.73093117,119.3190142,19259.41191697,0.273602,2.457923,1.682319,3.153028,2.359776
2025-03-19,1415.27520407,1412.5855039,2.68970013,4513.05118077,4306.50013435,206.55104626,7837.56643683,7679.91763923,157.64879734,16312.99490871,15848.73417906,464.26072921,19499.70139082,19381.42063134,118.28075948,19263.13987186,0.06101,0.090135,2.111831,2.75709,2.365414
2025-03-20,1367.04354702,1345.90755482,21.13599216,4328.50478088,4222.24001069,106.26477006,7697.21442757,7457.14470508,240.0697222,15647.86496944,15333.39923427,314.46573472,19518.70200586,19402.55662354,116.14538232,19286.41124122,-0.877175,-0.545333,1.621148,0.474059,2.381218
2025-03-21,1376.06329058,1517.21855632,-141.15526579,4158.38204167,4275.71161504,-117.3295735,7256.15801837,7169.62624549,86.53177263,15244.12627476,14975.308681,268.81759328,19374.19707972,19261.4013578,112.79572192,19148.60563588,-1.516889,-2.321201,-2.292769,-0.743372,2.39911
2025-03-24,1221.16381166,1278.0134735,-56.84966189,3964.27064926,4141.13958464,-176.86893552,6925.73188312,7017.47204051,-91.74015762,14991.44822358,14876.60939834,114.83882475,19317.10592604,19204.55169596,112.55423008,19091.99746588,0.514804,-1.878211,-1.54972,0.15391,2.393986
2025-03-25,1105.45498812,1132.54057116,-27.08558307,3702.68209036,3927.77260098,-225.09051075,6485.00084145,6686.2656597,-201.26481846,14627.79163139,14557.1789274,70.6127035,19290.94926494,19177.46611292,113.48315202,19063.9829609,-0.064894,-1.074133,-1.882061,-0.231404,2.394178
2025-03-26,1027.76093295,1021.13510765,6.62582528,3354.37973273,3431.68915231,-77.30941968,6097.48657033,6294.81526345,-197.32869331,13935.05300716,13974.73290268,-39.67989597,19297.13481092,19184.09193822,113.0428727,19071.04906552,-0.329032,0.119064,-2.264529,-0.20052,2.392621
2025-03-27,1055.41467466,1087.65247021,-32.23779559,3188.63059573,3241.32814902,-52.69755338,5785.85769797,6036.56017884,-250.70248106,13483.07212554,13493.70488392,-10.63275886,19265.49603962,19151.85414267,113.64189695,19038.21224572,0.333093,-0.061931,-1.0712,0.532583,2.387188
2025-03-28,998.34024382,1036.95902976,-37.75645971,3081.51585143,3145.74660762,-63.36843002,5408.13465121,5556.30065228,-147.30367498,12664.29266958,12725.92689777,-60.77190235,19224.54610615,19113.23535673,111.31074942,19001.92460731,-0.438548,-0.435595,0.012021,-2.281024,2.399809
2025-03-31,1061.68419845,1099.29495993,-37.6107615,3115.43911693,3223.9064599,-107.6050168,5248.655038,5377.58213871,-128.06477459,12174.38692112,12395.05417922,-219.80493221,19186.70464303,19075.62459525,111.08004778,18964.54454747,-0.711607,-0.817762,-1.208255,-2.73925,2.411388
2025-04-01,1007.01980868,1054.65708938,-47.63728083,3067.04425095,3190.91107907,-123.00450204,5150.21985856,5299.69865693,-148.61647235,11635.22070001,11985.96431663,-349.88129081,19140.36207976,19027.98731455,112.37476521,18915.61254934,0.009737,-1.137409,-1.134477,-2.995187,2.397089
2025-04-02,868.23067218,888.44078018,-20.21010803,2936.93467931,3042.39282949,-105.45815036,4990.68959779,5167.00432946,-175.45240566,11088.17616812,11461.81959291,-372.78109897,19120.12227021,19007.77720655,112.34506366,18895.43214289,-0.08484,-0.786184,-0.892259,-3.136582,2.392424
2025-04-03,1017.79501112,1105.99830035,-88.2032893,2893.04549198,3049.09616991,-156.05067816,4953.06993425,5185.3501596,-231.41789937,10738.92763222,11221.91033844,-482.12038043,19031.05802202,18919.57391732,111.4841047,18808.08981262,-0.589087,-0.663755,-1.803176,-2.85506,2.394419
2025-04-07,1302.36609082,1782.00498255,-479.63889177,3188.39177412,3776.44406308,-588.0522891,5257.09578125,5930.39611239,-673.30033143,10665.23043246,11486.69676467,-820.60400641,18540.74054243,18439.93502559,100.80551684,18339.12950875,-7.045515,-7.671495,-8.319586,-8.308564,2.548924
2025-04-08,1165.80370125,1551.97804833,-386.17434714,3485.96480319,4439.98133123,-954.01652821,5361.21528405,6383.07920079,-1021.86391707,10609.87032205,11760.6613395,-1149.92869166,18159.03967435,18053.76067851,105.27899584,17948.48168267,1.7083,-6.014511,-6.085104,-7.219836,2.463585
2025-04-09,1435.841102,1494.043717,-58.202615,3904.01089407,4828.02674788,-924.01585391,5790.03657737,6822.46582841,-1032.42925124,10940.25643593,12122.16448534,-1181.04572359,18102.04461716,17995.55806351,106.48655365,17889.07150986,0.987063,-4.52438,-5.167339,-6.243194,2.420835
2025-04-10,1471.49479769,1443.93593544,27.55886222,4073.13960094,4489.95770077,-416.81809992,6393.30070288,7377.96098367,-984.66028099,11383.99030067,12544.96531313,-1160.11268665,18133.58892978,18023.11692576,110.47200402,17912.64492174,1.310645,4.058418,-3.842839,-4.70081,2.385389
2025-04-11,1247.74873865,1288.05492529,-40.3061867,4155.08463834,4226.03457773,-70.94993948,6623.25443041,7560.01760861,-936.76317839,11576.32436466,12745.36776821,-1168.18107776,18092.94442248,17982.81073912,110.13368336,17872.67705576,0.412346,2.732519,-2.874184,-4.625533,2.368295
2025-04-14,1188.1053825,1099.94090419,88.16447829,3907.34891884,3831.93176492,75.41715381,6508.99372209,6877.95353025,-368.95980833,11766.08950334,12808.34964264,-1042.26013976,18184.92656844,18070.97521743,113.95135101,17957.02386642,0.229982,1.962352,4.727801,-3.985118,2.358518
2025-04-15,905.39623464,900.48439306,4.91184151,3341.25035579,3288.48022254,52.7701331,6248.58625548,6226.45987498,22.12638032,11609.80153953,12609.53907577,-999.73753675,18190.098459,18075.88705901,114.21139999,17961.67565902,0.055667,0.699301,3.026105,-3.243141,2.358359
2025-04-16,906.48468391,958.27845377,-51.79376989,2999.98630105,2958.70375102,41.28254991,5719.22983739,5690.69461175,28.53522543,11509.26641476,12513.16044016,-1003.89402581,18137.5991358,18024.09328915,113.50584665,17910.5874425,0.308027,0.594683,2.333358,-2.954553,2.356803
2025-04-17,868.60567688,902.7312007,-34.12552388,2680.48659543,2761.49404753,-81.00745226,5116.34071658,5149.48987701,-33.14916067,11509.64141946,12527.45086068,-1017.80944166,18102.66182273,17989.96776533,112.6940574,17877.27370793,-0.015858,0.347949,0.993463,-2.887553,2.349397
2025-04-18,761.89749409,824.71869745,-62.82120342,2536.98785488,2685.72835192,-148.74049719,4630.48947202,4686.15364917,-55.66417739,11253.74390243,12246.17125778,-992.42735578,18038.39533274,17927.14656197,111.24877077,17815.8977912,0.007977,0.30012,0.586754,-2.304294,2.34144
2025-04-21,970.49920384,913.22178395,57.27741988,2601.00237481,2640.6716821,-39.66930742,4412.88329336,4499.43452893,-86.5512358,10921.87701545,11377.38805918,-455.51104413,18097.56226394,17984.42398186,113.13828208,17871.28569978,0.327569,0.31966,0.684688,5.44486,2.328792
2025-04-22,953.95960898,960.75498974,-6.79538082,2686.35630691,2698.69547114,-12.33916436,4461.4466677,4559.70512561,-98.25845813,10710.03292318,10786.16500059,-76.13207781,18091.95792134,17977.6286011,114.32932024,17863.29928086,-0.024529,0.31096,0.603988,3.64837,2.325366
2025-04-23,1137.34595977,1117.08117635,20.26478338,3061.80477259,2991.05795004,70.74682244,4692.30794356,4718.50784819,-26.19990486,10411.53778095,10409.20245994,2.33532057,18111.40010217,17997.89338452,113.50671765,17884.38666687,0.077438,0.380631,0.372719,2.714773,2.323003
2025-04-24,942.03118678,971.18544669,-29.15425996,3033.33675553,3049.02161278,-15.6848574,4765.73345346,4786.96209418,-21.22864094,9882.07417004,9936.45197119,-54.37780161,18082.46750031,17968.73912461,113.7283757,17855.01074891,-0.066678,-0.013823,0.321702,1.318361,2.324358
2025-04-25,993.1382627,1047.15602916,-54.01776657,3072.51540925,3135.4226522,-62.90724315,4996.97422207,5009.39942589,-12.42520409,9627.46369409,9695.55307506,-68.08938148,18026.28286043,17914.72135815,111.56150228,17803.15985587,0.069663,0.080379,0.383581,0.972586,2.315814
2025-04-28,903.36168512,891.31880037,12.0428847,2838.5311346,2909.66027622,-71.12914183,4929.83670335,4987.49644231,-57.65973927,9342.71999671,9486.93097124,-144.21097507,18038.0808481,17926.7642429,111.3166052,17815.4476377,-0.141931,-0.138996,-0.08618,0.597918,2.327483
2025-04-29,873.87574736,887.38049046,-13.50474318,2770.37569518,2825.85531999,-55.47962505,4849.75284173,4914.12194303,-64.36910163,9311.19950943,9473.82706864,-162.62755976,18022.71778989,17913.2594998,109.45829009,17803.80120971,-0.172997,-0.245238,-0.234556,0.368015,2.324498
2025-04-30,984.55684173,1140.89145126,-156.3346096,2761.79427421,2919.59074209,-157.79646808,4696.96372369,4937.93221794,-240.96849461,9389.27166725,9656.44006613,-267.16839947,17864.83062687,17756.92489027,107.9057366,17649.01915367,-0.119367,-0.433674,-0.430747,-0.059634,2.302369
2025-05-06,1254.46925137,1110.65794265,143.56107553,3112.90184046,3138.92988437,-26.27827725,5009.40178828,5077.4047139,-68.25315912,9775.13524174,9864.36680808,-89.48180006,18013.43531901,17900.73619899,112.69912002,17788.03707897,1.00706,0.71196,0.639078,0.962836,2.285389
2025-05-07,1369.38633059,1297.18846287,72.1978676,3608.41242369,3548.73785678,59.42433353,5385.64985617,5327.43714761,57.96247505,10382.62407824,10336.8365735,45.53727096,18087.45776988,17972.93406671,114.52370317,17858.41036354,0.606127,1.497991,1.178595,1.566697,2.278951
2025-05-08,1163.60341605,1165.08466835,-1.48125238,3787.45899801,3572.93107387,214.27769075,5645.8915871,5601.20301559,44.43833797,10575.72829045,10588.6994579,-13.2214013,18087.54963467,17971.45281441,116.09682026,17855.35599415,0.555098,2.183378,1.884841,1.797037,2.266466
2025-05-09,1019.13702242,1066.13283582,-46.99581346,3552.12676906,3528.40596704,23.72080176,5791.15286216,5779.95536095,10.94726769,10640.90570389,10694.07730398,-53.42183394,18040.11129753,17924.45700101,115.65429652,17808.80270449,-0.174926,0.987627,1.882873,1.6439,2.271228
2025-05-12,1238.5631296,1192.42233547,46.14079408,3421.30356807,3423.63983964,-2.33627176,6045.15915003,5831.48624516,213.42267137,10742.12287372,10769.4184631,-27.54582324,18087.52810377,17970.59779514,116.93030863,17853.66748651,1.155777,1.539362,3.183579,2.739119,2.252013
2025-05-13,1171.72538134,1158.28604189,13.43933937,3429.42553336,3416.84121318,12.58431999,5962.41528,5879.1143444,83.30093521,10971.81706828,10956.5190583,15.04777609,18102.27695481,17984.03713459,118.23982022,17865.79731437,0.145188,1.125439,2.303136,2.956933,2.25233
2025-05-14,1253.45582192,1241.98727959,11.64017596,3663.74433286,3592.69565695,71.22030941,5846.48477133,5823.91316112,22.74324357,11232.1346275,11151.35030873,80.70571862,18115.26382956,17995.50567692,119.75815264,17875.74752428,1.205066,2.523407,2.912178,4.125095,2.236816
2025-05-15,1014.77583328,1042.8875343,-28.11170107,3439.95703654,3443.16085578,-3.03218574,5697.65718856,5701.71602707,-3.88720512,11343.54877566,11302.91904266,40.55113285,18085.0361384,17967.3939759,117.6421625,17849.7518134,-0.913256,0.426401,1.409405,3.320811,2.253938
2025-05-16,940.27369749,959.10096466,-18.82726722,3208.50535269,3243.97577855,-35.29879233,5618.79386363,5594.68415591,24.28134112,11409.94672579,11374.63951686,35.22860881,18064.54443194,17948.56670873,115.97772321,17832.58898552,-0.463601,-0.184097,1.116148,3.020037,2.256175
2025-05-19,908.74036458,872.76798361,35.97238089,2863.78989535,2874.75648257,-10.9665874,5288.97109861,5275.02980405,14.11292793,11334.13024864,11106.51604921,227.5355993,18103.31147821,17984.5390897,118.77238851,17865.76670119,-0.307016,-1.675424,-0.346072,2.82649,2.257525
2025-05-20,1011.0329495,988.14014514,22.89280431,2860.04701157,2820.00909341,40.03791798,5128.27866677,5104.8839073,23.56639287,11090.69394677,10983.9982517,106.86732808,18128.40190895,18007.43189406,120.97001489,17886.46187917,0.542286,-0.231079,0.049078,2.353344,2.24758
2025-05-21,987.96106182,1005.80287406,-17.50011928,2907.7343759,2866.71100281,41.36506592,4862.78390667,4868.69950177,-5.57390237,10709.268678,10692.61266289,17.1693412,18111.84369446,17989.59008182,122.25361264,17867.33646918,0.467147,0.701844,-0.680413,2.211951,2.242047
2025-05-22,916.56432573,937.61066691,-21.04634124,2915.55833705,2931.55368611,-15.65365621,4764.57239912,4763.42263438,1.49145746,10462.22958768,10465.13866145,-2.39574766,18090.08241757,17968.54374064,121.53867693,17847.00506371,-0.064233,0.947083,0.170606,1.582415,2.25073
2025-05-23,966.07148317,1041.35513702,-75.28365391,2870.59687072,2984.76867799,-113.83011443,4790.3701848,4845.67680674,-54.96492923,10409.16404843,10440.36096265,-30.68358811,18013.34316146,17893.26008679,120.08307467,17773.17701212,-0.807156,-0.407791,-0.175139,0.939054,2.262302
2025-05-26,847.58743673,800.65532627,46.9321104,2730.22324563,2779.6211302,-49.39788475,4729.21725695,4773.5641494,-44.00519972,10018.18835556,10048.59395345,-29.89227179,18058.57661334,17940.19219725,118.38441609,17821.80778116,-0.57099,-1.436888,-0.439463,-0.784013,2.267384
2025-05-27,867.08552433,823.06993412,44.0155901,2680.74444423,2665.08039741,15.66404659,4585.26983178,4608.49393838,-22.88241393,9713.54849855,9713.37784568,0.68397894,18102.33408709,17984.20778746,118.12629963,17866.08148783,-0.536508,-1.902677,-1.507723,-1.459385,2.279178
2025-05-28,803.76848765,800.89690827,2.87157927,2518.44144871,2424.62216866,93.81927977,4401.07725761,4403.58797259,-2.51071538,9263.86116428,9272.28747436,-8.08461775,18105.17308876,17987.07936684,118.09372192,17868.98564492,-0.082312,-1.185838,-2.046382,-2.71287,2.281878
2025-05-29,1040.113374,1051.3938881,-11.28051417,2710.96738598,2675.36073049,35.6066552,4524.62630588,4517.37119378,7.25511169,9289.198705,9280.79382816,8.74656915,18093.70170978,17975.79885274,117.90285704,17857.8959957,0.585553,-0.036447,-1.409484,-1.241283,2.259129
2025-05-30,915.68261069,999.11885714,-83.43624648,2759.56447234,2851.40965351,-91.84518138,4474.2374334,4475.1349139,-0.89748088,9264.6076182,9320.81172064,-55.86241011,18009.46893193,17892.36260629,117.10632564,17775.25628065,-0.478594,0.021759,-1.082917,-1.256159,2.264083
2025-06-03,942.55475408,908.03437059,34.5659516,2898.35073877,2958.54711583,-60.15080905,4569.20475075,4582.51395822,-13.26363968,9298.4220077,9356.07810762,-57.2688394,18044.88444745,17926.88298978,118.00145767,17808.88153211,0.306763,0.411239,-0.209683,-0.648224,2.258276
2025-06-04,985.86429513,963.48489154,22.37940357,2844.1016599,2870.63811927,-26.49089131,4687.98352155,4722.92891564,-34.89982621,9273.25335333,9331.42285402,-57.78224014,18069.04135123,17949.26239337,119.77895786,17829.48343551,0.434324,0.260272,0.764339,-0.754908,2.247493
2025-06-05,1146.88254305,1100.89362988,45.98891308,3075.30159226,2972.41289201,102.93426825,5031.09757695,5022.92563725,8.2175076,9432.17483456,9426.51360984,5.70679222,18116.79612783,17995.25130654,121.54482129,17873.70648525,0.227795,0.971905,1.077074,-0.991349,2.245786
2025-06-06,969.9172588,1001.07663915,-31.15938038,3102.66409698,3065.45516057,37.20893627,4960.90146175,4972.6083883,-11.66135861,9485.52776763,9489.97958208,-4.40624692,18085.96031819,17964.09192619,121.868392,17842.22353419,-0.09211,0.570388,0.3961,-1.018967,2.242192
2025-06-09,1187.30508935,1112.83092961,74.47415968,3304.1048912,3214.80119864,89.30369238,5232.52394041,5086.32046077,146.24904755,9706.76137381,9561.45537467,145.35156667,18161.2658425,18038.56608593,122.69975657,17915.86632936,0.290703,0.426573,1.172158,0.076548,2.237898
2025-06-10,1267.49720026,1258.28741741,9.20978277,3424.71954841,3372.19498617,52.52456207,5557.46638659,5436.57350759,120.89287872,10126.67113734,10019.08746581,107.62923904,18169.94596102,18047.77586878,122.17009224,17925.60577654,-0.509124,-0.311807,0.349233,0.138817,2.25137
2025-06-11,1130.94080815,1112.71519613,18.225612,3585.74309776,3483.83354315,101.90955445,5702.54289961,5585.80381218,116.73908715,10390.52642116,10308.73272782,81.83926094,18189.18492227,18066.0014808,123.18344147,17942.81803933,0.754372,0.532813,0.669011,1.438463,2.24002
2025-06-12,1132.00350472,1108.1213977,23.88210695,3530.44151313,3479.12401124,51.31750172,5687.66386128,5593.03158,94.63228102,10718.76143823,10615.95721725,102.84978862,18213.25104284,18089.88358782,123.36745502,17966.5161328,-0.062291,0.178967,0.377648,1.458789,2.242476
2025-06-13,1151.56668167,1197.19900193,-45.63232031,3414.51099454,3418.03559576,-3.52460136,5869.31328415,5789.15394278,80.15934109,10830.2147459,10761.76233108,68.49798248,18166.97977355,18044.25126756,122.72850599,17921.52276157,-0.719824,-0.033191,-0.253019,0.142079,2.258499
2025-06-16,1079.63157239,1023.39762053,55.91607843,3363.20175878,3328.71802016,34.16586507,5761.63976719,5699.7206337,61.60125984,10994.1637076,10786.04109447,207.85030739,18223.27250569,18100.48521942,122.78728627,17977.69793315,0.248769,-0.534842,-0.294725,0.873978,2.255014
2025-06-17,1122.16509247,1069.45258797,52.71250446,3353.36334653,3290.04921043,62.99626258,5616.3076594,5510.88580426,105.10398153,11173.77404599,10947.45931185,225.99686025,18273.38950852,18153.19772392,120.1917846,18033.00593932,-0.088195,-0.560624,0.12711,0.476787,2.262144
2025-06-18,1045.12065117,1031.7262523,13.3943988,3246.91731603,3124.5764608,122.02298169,5530.48750242,5429.89686043,100.27276833,11233.03040203,11015.70067261,217.01185548,18286.52155914,18166.59212279,119.92943635,18046.66268644,0.11865,0.279195,-0.504654,0.16098,2.263589
2025-06-19,1085.55973881,1160.35267915,-74.79294037,3252.84548245,3261.53151942,-8.68603711,5484.04373651,5482.12814188,1.59772101,11171.70759779,11075.15972188,96.23000203,18208.70941516,18091.79918245,116.91023271,17974.88894974,-0.822706,-0.792605,-1.261703,-0.88882,2.277877
2025-06-20,845.7656133,928.08517762,-82.31956435,2976.44600328,3120.16410907,-143.71810592,5178.24266814,5213.01431757,-35.08952303,11047.55595229,11002.16826035,45.06981806,18124.81660158,18009.47961813,115.33698345,17894.14263468,0.092454,-0.613229,-0.453858,-0.705728,2.273032
2025-06-23,972.29365986,930.04951981,42.24413999,2903.61901197,3018.48737658,-114.86836473,5070.90475561,5119.66621685,-48.76146147,10832.5445228,10819.38685055,12.83979837,18169.01225008,18051.72375818,117.2884919,17934.43526628,0.292652,-0.440499,-0.410282,-0.703798,2.260958
2025-06-24,1347.46625765,1296.14980602,51.31645154,3165.52553081,3154.28450345,11.24102718,5296.20592079,5346.3634349,-50.15751439,10912.51358019,10857.24923916,54.94646714,18220.06364253,18103.04020981,117.02343272,17986.01677709,1.195795,1.585781,0.869569,0.997784,2.235975
2025-06-25,1599.34119954,1530.14726445,69.19393499,3919.10111705,3756.34659028,162.75452652,5850.42646916,5844.78444705,5.6420218,11380.91397158,11274.68130748,105.91479013,18292.33475104,18172.2341449,120.10060614,18052.13353876,1.435233,2.948593,2.196027,1.68029,2.219027
2025-06-26,1557.5724365,1464.27534909,93.29708741,4504.37989369,4290.57241956,213.80747394,6322.43916685,6148.70711699,173.73204958,11806.48290336,11630.83525887,175.32977059,18384.92846703,18265.53123231,119.39723472,18146.13399759,-0.354709,2.284089,2.678268,1.382774,2.236094
2025-06-27,1520.54355476,1511.47878916,9.06476557,4677.4571908,4505.9014027,171.55578797,6997.21710831,6732.10072853,265.1163795,12175.45977645,11945.1150461,230.02685647,18394.33009959,18274.59599791,119.73410168,18154.86189623,-0.61484,0.453982,1.952702,1.489982,2.24442
2025-06-30,1440.68756299,1333.79582712,106.89173585,4518.80355425,4309.54996537,209.25358883,7465.61101144,7135.84703584,329.76397536,12536.51576705,12255.51325269,281.00251389,18504.52467374,18381.48773378,123.03693996,18258.45079382,0.365176,-0.605725,2.026425,1.607829,2.237152
2025-07-01,1344.80482946,1307.2773294,37.52750001,4306.03594721,4152.55194568,153.48400143,7462.94958325,7146.97455922,315.97502383,12759.15550404,12493.33799412,265.81750944,18545.6299129,18419.01523384,126.61467906,18292.40055478,0.169786,-0.082552,0.991994,1.870189,2.233461
2025-07-02,1206.00532823,1195.15756745,10.84776076,3991.49772068,3836.23072397,155.26699662,7069.61371194,6811.98486222,257.6288496,12920.0401811,12656.76930927,263.2708714,18555.93156973,18429.86299462,126.06857511,18303.79441951,0.023407,0.559114,-0.413662,1.77328,2.240873
2025-07-03,1200.34599706,1166.335847,34.01015005,3751.15615475,3668.77074385,82.38541082,6712.3872725,6514.04536013,198.34191224,13034.82643935,12662.75247712,372.07396182,18591.30739211,18463.87314468,127.43424743,18336.43889725,0.618272,0.8127,0.558743,3.251976,2.234751
2025-07-04,1312.15999871,1375.56685698,-63.40685829,3718.511324,3737.06027143,-18.54894748,6504.00371645,6378.13342795,125.87028838,13501.22082476,13110.23415648,390.98666788,18529.2674512,18400.46628641,128.80116479,18271.66512162,0.356239,1.00035,1.541288,3.524087,2.225877
2025-07-07,1095.3379406,1031.74738624,63.59055435,3607.84393637,3573.65009022,34.19384611,6158.65409406,6076.08498707,82.56910688,13624.2651055,13211.93202291,412.33308224,18593.80186714,18464.05684077,129.74502637,18334.3118144,-0.427623,0.544914,0.7392,2.780605,2.233921
2025-07-08,1389.81712057,1334.93955579,54.87756476,3797.31505988,3742.25379901,55.06126082,6203.66638517,6103.74721346,99.91917163,13666.61596842,13250.72177268,415.89419546,18649.31340049,18518.93440555,130.37899494,18388.55541061,0.839259,0.76574,1.412479,2.418485,2.219656
2025-07-09,1402.0169472,1363.58353502,38.4334121,3887.17200837,3730.27047705,156.90153121,6399.67800414,6272.17318103,127.50482297,13469.29171608,13084.15804325,385.13367257,18687.96814141,18557.36781773,130.60032368,18426.76749405,-0.176371,0.230958,1.209927,0.791259,2.226463
2025-07-10,1413.25730815,1365.58151811,47.67579003,4205.09137592,4064.10460892,140.98676689,6612.58931523,6471.41885214,141.17046295,13324.97658773,12985.46421227,339.51237519,18737.13475854,18605.04360777,132.09115077,18472.952457,0.466596,1.13109,1.057358,1.622009,2.22238
2025-07-11,1702.78435735,1681.96895967,20.81539763,4518.0586127,4411.1340128,106.92459976,7003.21367387,6777.82095483,225.39271887,13507.21739032,13155.95438278,351.26300725,18757.94371304,18625.85900545,132.08470759,18493.77429786,0.119269,0.409016,0.818733,2.37264,2.22059
2025-07-14,1392.17855171,1294.80222831,97.37632334,4508.22021721,4342.35270609,165.867511,7300.05428498,7040.8757969,259.17848786,13458.70837904,13116.96078397,341.74759474,18853.89778987,18723.23532885,130.66246102,18592.57286783,0.071256,0.658095,1.323856,2.072842,2.227101
2025-07-15,1588.11819435,1538.72014268,49.39805165,4683.08110341,4515.49133066,167.58977262,7498.35535876,7244.65638379,253.69897475,13702.02174393,13348.40359725,353.61814638,18904.06145509,18772.63338052,131.42807457,18641.20530595,0.034761,0.225438,0.515492,1.935252,2.23938
2025-07-16,1394.2427641,1326.03111361,68.21165049,4374.53951016,4159.5534846,214.98602548,7490.58117566,7207.10396238,283.47721314,13890.2591798,13479.27714341,410.98203611,18971.76118458,18840.84503101,130.91615357,18709.92887744,-0.295156,-0.189426,0.395884,1.6106,2.247236
2025-07-17,1526.50365388,1455.77621283,70.72744104,4508.86461233,4320.52746912,188.33714318,7603.82752139,7297.2986571,306.52886415,14216.41683662,13768.71750924,447.6993271,19044.01786738,18911.57247206,132.44539532,18779.12707674,0.681001,0.41873,0.610138,1.673948,2.240984
2025-07-18,1539.98236341,1559.88335375,-19.90099035,4460.72878139,4341.69068019,119.03810118,7441.02552745,7175.21305118,265.81247617,14444.23920132,13953.03400601,491.20519504,19023.36013415,18891.67148172,131.68865243,18759.98282929,0.596298,0.982423,1.089507,1.91716,2.228904
2025-07-21,1776.68357517,1622.69895002,153.98462513,4843.16959246,4638.3585166,204.81107582,7825.53055091,7503.10977289,322.42077796,15125.58483589,14543.98556979,581.59926582,19179.18308428,19045.65610687,133.52697741,18912.12912946,0.666706,1.95661,1.691016,3.037258,2.22771
2025-07-22,2009.09064029,1858.61288524,150.47775501,5325.75657887,5041.19518901,284.56138979,8246.50299685,7823.00251545,423.50048132,15744.85835561,15067.65889924,677.19945607,19332.72677337,19196.13386192,136.59291145,19059.54095047,0.816305,2.093627,2.485499,3.013803,2.230483
2025-07-23,1918.35788635,1891.77124818,26.58663812,5704.13210181,5373.08308344,331.04901826,8770.6181191,8388.74265002,381.87546895,16261.19929476,15595.8466124,665.35268209,19358.16693242,19222.72050009,135.44643233,19087.27406776,0.019672,1.508419,2.809107,3.216112,2.238208
2025-07-24,1958.88537127,1897.91576649,60.96960477,5886.33389791,5648.29989991,238.0339979,9202.99983649,8830.88220368,372.11763268,16806.82735788,16128.18086078,678.64649683,19419.91512075,19283.69010487,136.22501588,19147.46508899,0.710436,1.552513,2.839164,3.466625,2.226447
2025-07-25,1836.15342895,1781.43805616,54.71537276,5713.39668657,5571.12507083,142.27161565,9499.17090203,9052.43690609,446.73399579,16940.19642948,16227.64995727,712.54647196,19474.28916015,19338.40547766,135.88368249,19202.52179517,-0.527192,0.199206,1.690624,2.79855,2.237822
2025-07-28,1915.16124268,1722.53982626,192.62141641,5710.2000429,5401.89364891,308.30639394,9637.64856954,9152.27778233,485.37078707,17463.17912045,16655.38755522,807.79156503,19670.32770585,19531.02689408,139.30081177,19391.72608231,0.209849,0.389723,1.22912,2.94092,2.253809
2025-07-29,1980.60876426,1827.42631215,153.1824521,5731.92343589,5331.40419457,400.51924127,9609.16669351,9121.09120924,488.07548416,17855.66969036,16944.09372469,911.57596548,19826.41058296,19684.20934619,142.20123677,19542.00810942,0.391712,0.072014,0.802788,3.30824,2.262287
2025-07-30,1944.78886222,1923.04612842,21.69226819,5840.55886916,5473.01226683,367.4961367,9635.59766938,9152.36608948,483.18111423,18406.21578848,17541.1087395,865.05658318,19847.47756324,19705.95207999,141.52548325,19564.42659674,-0.01895,0.583318,0.763863,3.594428,2.267922
2025-07-31,2046.95069037,2042.62904742,4.32164293,5972.34831685,5793.10148799,179.19636322,9723.66298848,9297.07937041,426.53315239,18926.66282497,18127.96157409,798.65078507,19848.26674186,19710.27372294,137.99301892,19572.28070402,-1.822268,-1.456372,-1.770184,1.018721,2.298067
2025-08-01,1575.2176477,1622.75040475,-47.5327571,5566.95720029,5588.42558059,-21.51884598,9462.72720723,9138.391719,324.28502253,18961.89810926,18190.82862509,771.01901832,19798.57332338,19662.74096589,135.83235749,19526.9086084,-0.506984,-2.338524,-1.750229,-0.089194,2.297559
2025-08-04,1524.20860642,1410.90450281,113.30410358,5146.37694449,5076.28395498,70.09298941,9071.77457097,8826.75639555,244.9677097,18709.42314051,17979.03417788,730.33849677,19913.12968995,19776.0450695,137.08462045,19638.96044905,0.389001,-1.940038,-1.574581,-0.364815,2.295028
2025-08-05,1635.5962489,1548.53368616,87.06256269,4735.02250302,4582.18859372,152.83390917,8726.76205561,8547.86376956,178.84782029,18335.92874912,17668.9549788,666.92330445,20002.59018737,19863.10763224,139.48255513,19723.62507711,0.804473,0.683552,-1.169904,-0.376508,2.28451
2025-08-06,1772.11869132,1681.89059204,90.22809925,4931.92354664,4641.32878101,290.59476552,8554.09188471,8306.70823318,247.38365135,18189.68955409,17459.07432266,730.56476558,20094.13891041,19953.33573152,140.80317889,19812.53255263,0.244555,1.444085,-0.909432,-0.152516,2.282343
2025-08-07,1870.44540405,1834.59975377,35.84565024,5278.16034427,5065.02403197,213.13631218,8377.58659839,8098.67893953,278.90765866,18101.24958687,17395.75830994,705.44081105,20131.29706951,19989.1813818,142.11568771,19847.06569409,0.028706,1.080003,0.958752,-0.828404,2.284444
2025-08-08,1668.46100017,1704.05100949,-35.59000941,5311.02509554,5220.5413553,90.48374008,8470.82995086,8179.97954427,290.85040635,17933.55715809,17318.37126327,615.13542888,20095.1581584,19953.59137248,141.56678592,19812.02458656,-0.23572,0.036966,1.234012,-0.537815,2.282265
2025-08-11,1951.56801636,1783.15687632,168.41114001,5490.47442058,5321.80763958,168.66678084,8898.1893608,8552.23191778,345.95744278,17969.96393177,17378.98831333,590.92515248,20261.98163576,20122.00251252,139.97912324,19982.02338928,0.427377,0.21941,1.272712,-0.321909,2.284841
2025-08-12,1939.82211405,1858.17163624,81.65047777,5559.85113058,5345.37952205,214.47160837,9202.41522595,8861.86986786,340.54535786,17929.17728156,17409.73363742,519.39317815,20345.33414706,20203.65299033,141.68115673,20061.9718336,0.51703,0.708665,0.983933,-0.197482,2.278964
2025-08-13,2355.02064256,2238.06480625,116.95583629,6246.41077297,5879.39331881,367.01745407,9785.31717719,9418.04408207,367.2730949,18339.4090619,17724.75231525,614.65674625,20462.51066971,20320.60882664,141.90184307,20178.70698357,0.79039,1.744489,1.533794,0.610413,2.274313
2025-08-14,2427.60347671,2337.64288156,89.96059511,6722.44623332,6433.87932405,288.56690917,10342.47524985,9921.08720986,421.38803977,18720.06184824,18019.76614939,700.29569843,20552.07719236,20410.56942179,141.50777057,20269.06165122,-0.078162,1.232319,1.425319,2.397736,2.300175
2025-08-15,2473.57247395,2398.15608551,75.41638839,7256.19659322,6973.86377332,282.33281979,11147.58672363,10615.19228588,532.39443757,19618.41667449,18795.17183015,823.24484392,20626.42125465,20485.98581023,140.43544442,20345.55036581,0.695855,1.412417,2.372404,3.635692,2.282347
2025-08-18,3266.31052158,2871.24726739,393.23530701,8167.48647224,7607.04623446,558.61229051,12462.32922885,11703.28267695,757.21860457,21360.51858965,20255.51459473,1103.17604735,21023.0880787,20881.04906442,142.03901428,20739.01005014,0.881868,1.504459,2.835697,4.144499,2.298152
2025-08-19,2925.61758093,2631.56546819,294.05211269,8665.50057646,7900.96882109,762.70380809,13448.12469573,12476.6765089,969.62023949,22650.53992168,21338.54637676,1310.16559735,21316.93661966,21175.10117716,141.8354425,21033.26573466,-0.378317,1.199551,1.919697,2.922519,2.329294
2025-08-20,2643.76237807,2489.17762653,154.58475152,8835.69048058,7991.99036211,841.87217122,13736.86643124,12727.78932918,1007.24915472,23522.18360843,22145.83341125,1374.52224962,21475.68664313,21329.6859287,146.00071443,21183.68521427,1.137046,1.642948,2.270237,3.838852,2.323937
2025-08-21,2611.54651591,2621.71285681,-10.16634091,8180.92647491,7742.45595153,438.4705233,13920.80947044,13011.85930443,907.1222187,24263.28472029,22932.94651429,1328.51025847,21467.95150952,21319.5195878,148.43192172,21171.08766608,0.390385,1.147758,2.749796,4.214308,2.322403
2025-08-22,2966.22697297,2884.48838796,81.73858499,8221.53586695,7995.3788713,226.1569956,14413.46396946,13498.19160688,913.4444153,25561.05069309,24113.38389276,1445.83885287,21550.67788943,21401.25817281,149.41971662,21251.83845619,2.097144,3.661139,4.179668,6.65123,2.297737
2025-08-25,3740.56436869,3412.1217901,328.44257856,9318.33785757,8918.32303487,400.01482264,14887.71781657,14039.06612959,848.65168685,27350.04704542,25742.34880654,1605.87029142,21883.27073019,21729.7007514,153.56997879,21576.13077261,2.083692,4.631411,5.420779,8.410193,2.294933
2025-08-26,3029.09495725,2837.19750783,191.89744937,9735.88629891,9133.80768589,602.07861292,14991.19519289,14244.69816923,746.49702353,28439.31988862,26721.37467813,1716.11726302,22076.11449946,21921.59820082,154.51629864,21767.08190218,-0.372127,3.836686,5.427329,7.451214,2.318778
2025-08-27,3638.03618773,3436.09403147,201.94215623,10407.69551367,9685.4133294,722.28218416,15985.46900255,15191.61457417,793.85442824,29722.33543379,27919.40390335,1801.10358296,22274.96715367,22123.54035708,151.42679659,21972.11356049,-1.492702,0.185676,2.686026,5.017242,2.382933
2025-08-28,3363.56324244,3202.68092523,160.88231721,10030.69438742,9475.97246453,554.72192281,16737.48572908,15772.58264259,964.90308636,30658.29519952,28784.44194702,1872.02530506,22439.28182252,22284.42267429,154.85914823,22129.56352606,1.770478,-0.121715,4.097677,6.960151,2.368218
2025-08-29,3205.43739915,3035.14002867,170.29737043,10207.03682932,9673.91498537,533.12184387,16976.69615526,15923.2342833,1053.4618718,31390.16012472,29421.42589018,1966.9062871,22613.49241259,22454.72004477,158.77236782,22295.94767695,0.73877,0.991975,2.712688,7.005737,2.375935
2025-09-01,3230.41211775,2876.84508841,353.56702932,9799.41275934,9114.66604231,684.74671696,16466.54390432,15387.95758161,1078.58632256,31354.26172089,29427.0237112,1927.23800941,22969.91487174,22808.28707411,161.62779763,22646.65927648,0.599365,3.136811,1.219215,6.706085,2.39883
2025-09-02,3146.0523366,3230.67625659,-84.62392001,9581.9018535,9142.66137367,439.24047974,16583.50128367,15781.43633037,802.06495318,31574.69647656,30026.1344996,1548.56197671,22884.52310372,22723.66315412,160.8599496,22562.80320452,-0.735199,0.597493,0.850343,6.323823,2.414712
2025-09-03,2602.89660467,2587.42151609,15.47508857,8979.36105902,8694.94286109,284.41819788,15548.36170061,14932.76381499,615.59788552,31533.83070316,30124.37838916,1409.45231376,22898.60926637,22739.1382427,159.47102367,22579.66721903,-0.681962,-0.821247,1.680366,4.411527,2.446286
2025-09-04,2663.12139594,2760.15439022,-97.03299428,8412.07033721,8578.2521629,-166.18182572,14847.91985411,14490.23727998,357.68257403,31585.40558319,30262.81992257,1322.58566039,22795.43897695,22642.10524842,153.33372853,22488.77151989,-2.12163,-3.503818,-2.208296,1.798893,2.473415
2025-09-05,2579.17732005,2508.21293887,70.96438118,7845.19532066,7855.78884518,-10.59352453,14221.65977501,13963.31019018,258.34958478,31198.35593027,29886.54447348,1311.81145658,22870.55138251,22713.0696296,157.48175291,22555.58787669,2.178966,-0.670932,-0.810232,1.880476,2.435936
2025-09-08,2793.95168699,2531.59123512,262.36045186,8036.25040298,7799.95856421,236.29183876,13785.19934425,13618.05633689,167.14300732,30251.74324857,29006.0139185,1245.72932988,23135.61527062,22975.43008147,160.18518915,22815.24489232,0.162508,0.173632,-1.240968,-0.036883,2.448505
2025-09-09,2355.51251254,2295.99363614,59.51887637,7728.64151958,7335.79781013,392.84370941,12994.65952019,12683.37371644,311.2858037,29578.16080386,28464.81004681,1113.35075688,23197.17609109,23034.94895787,162.22713322,22872.72182465,-0.700938,1.62764,-1.206881,-0.3668,2.472198
2025-09-10,2223.87051866,2166.13294471,57.73757395,7373.33471819,6993.71781597,379.61690218,12615.63343418,12262.08514506,353.54828908,28163.99513479,27194.84896005,969.1461746,23255.92745556,23092.68653182,163.24092374,22929.44560808,0.205274,-0.335402,-0.324333,1.350583,2.473086
2025-09-11,2937.27016334,2793.13920251,144.13096081,7516.65319454,7255.26578336,261.38741113,12889.78220158,12295.06995735,594.71224417,27737.70205569,26785.30723733,952.3948182,23404.24987732,23236.81749265,167.43238467,23069.38510798,2.309588,1.801005,4.188254,1.887469,2.439903
2025-09-12,2968.87761994,2856.06038565,112.81723426,8130.01830194,7815.33253287,314.68576902,13279.48250147,12642.91740413,636.56509725,27501.14227648,26606.22759431,894.91468203,23515.70487457,23349.63472694,166.07014763,23183.56457931,-0.572478,1.932701,1.382704,0.561269,2.456093
2025-09-15,2654.38440116,2471.01936653,183.3650346,8560.53218444,8120.21895469,440.31322967,13139.91521564,12582.34553554,557.56967999,26925.11455989,26200.40187243,724.71268731,23699.99018093,23532.99976157,166.99041936,23366.00934221,0.244531,1.972634,1.465726,0.206569,2.475584
2025-09-16,2850.96709002,2625.85454972,225.1125403,8474.22911112,7952.9343019,521.29480916,13635.36979312,12912.20644912,723.16334392,26630.02931331,25595.58016556,1034.44914762,23926.51962611,23758.11230187,168.40732424,23589.70497763,-0.214403,-0.543043,1.962877,0.732307,2.488856
2025-09-17,2837.18689145,2710.08174934,127.10514207,8342.53838263,7806.95566559,535.58271697,14248.68616591,13456.15525375,792.53091204,26864.31960009,25718.24039881,1146.07920112,24054.43747966,23885.21744398,169.22003568,23715.9974083,0.612077,0.641862,2.376815,2.044773,2.488342
2025-09-18,3726.74762221,3754.36899945,-27.62137724,9414.90160368,9090.30529851,324.59630513,15038.16362478,14417.38505069,620.77857399,27927.94582636,26712.45500804,1215.49081816,24024.65386021,23857.59606674,167.05779347,23690.53827327,-1.162684,-0.77093,-1.097738,3.04454,2.514806
2025-09-19,2585.62817389,2627.12484069,-41.49666685,9149.56268755,9091.57558948,57.98709798,14654.91417873,14188.44950573,466.46467288,27934.3966802,26831.36690986,1103.02977013,23981.8487051,23816.09939994,165.74930516,23650.35009478,0.084713,-0.473482,-0.444018,0.932546,2.517754
2025-09-22,2564.39680092,2372.06446252,192.33233839,8876.77259702,8753.55830266,123.2142943,14564.92657849,14089.49460172,475.43197667,27704.84179413,26671.84013726,1033.00165666,24175.32295576,24008.43173834,166.89121742,23841.54052092,0.459548,-0.624365,-0.230478,1.23187,2.528533
2025-09-23,2778.21517135,2786.23582259,-8.02065125,7928.24014616,7785.4251258,142.81502029,14492.17465982,14249.87587459,242.29878512,28127.54445294,27162.08232371,965.46212904,24167.87995972,24000.4110871,167.46887262,23832.94221448,-0.062572,0.481738,-0.078672,1.882661,2.537807
2025-09-24,2867.57601958,2726.75897121,140.81704837,8210.18799185,7885.05925632,325.12873551,14522.56378795,14266.55309646,256.01069142,28771.24995386,27722.70835021,1048.54160346,24311.0548122,24141.22813547,169.82667673,23971.40145874,1.024225,1.424977,0.330647,2.71532,2.52509
2025-09-25,2882.81282362,2749.93238748,132.88043611,8528.60401455,8262.92718128,265.67683323,13678.62898936,13262.11648449,416.51250477,28716.79261414,27679.50153518,1037.29107876,24443.6649153,24274.10857161,169.55634369,24104.55222792,0.600444,1.567226,2.120413,0.999399,2.537278
2025-09-26,2452.522961,2646.07470571,-193.55174472,8202.9118042,8122.7660644,80.14573976,13545.52377647,13281.06634951,264.4574269,28200.4379552,27469.51585524,730.92209978,24244.57752126,24080.5568269,164.02069436,23916.53613254,-0.945661,0.669736,1.069082,0.620317,2.541497
2025-09-29,2654.28143387,2610.33422909,43.94720475,7989.61721849,8006.34132228,-16.72410386,13635.40840942,13519.33611608,116.07229326,28200.33498791,27608.8307178,591.50426993,24287.54945106,24124.50403168,163.04541938,23961.4586123,1.538535,1.182242,2.154615,1.919171,2.516046
2025-09-30,2598.6003514,2939.20708544,-340.60673404,7705.40474627,8195.61602024,-490.21127401,13455.79358947,13672.30737893,-216.51378953,27947.96824929,27922.18325352,25.78499559,23941.5758033,23783.89729764,157.67850566,23626.21879198,0.446763,1.027672,2.675251,2.594474,2.468699
2025-10-09,3429.36948153,2921.32030778,508.04917371,8682.2512668,8470.86162231,211.38964442,14017.58705142,13866.8687155,150.71833581,28540.15083937,28133.42181196,406.72902723,24455.47093191,24291.94647139,163.52446052,24128.42201087,1.482289,3.503991,3.140801,3.481833,2.488566
2025-10-10,2868.69982269,2904.05892141,-35.69587788,8896.66965562,8764.58631463,131.74656179,14003.47405049,14020.99524943,-17.85797818,27682.10303985,27283.11173392,398.65452659,24417.76263381,24256.58737267,161.17526114,24095.41211153,-1.967263,-0.069668,0.508254,2.639445,2.515696
2025-10-13,2627.83493281,2605.43493466,22.39999815,8925.90423703,8430.81416385,494.75329398,14178.7860223,13980.35547838,198.09376469,27724.30979877,27261.42182789,462.55119159,24443.69883881,24278.98737082,164.71146799,24114.27590283,-0.495049,-1.006638,0.96548,2.044883,2.52792
2025-10-14,2900.77021126,2877.42287675,23.34733451,8397.30496676,8386.91673282,10.05145478,14425.27479969,14247.44412604,177.49389445,28060.68320911,27766.78024212,293.56618771,24469.27513135,24302.33470533,166.94042602,24135.39427931,-1.19535,-3.618606,-1.752976,0.36387,2.557942
2025-10-15,2342.7781633,2319.64177619,23.13638711,7871.38330737,7802.4995876,68.88371977,14169.45261159,13627.87881679,541.2370156,27625.24620106,27300.18619572,324.72322607,24494.21108415,24325.47109244,168.73999171,24156.73110073,1.480999,-0.228429,-0.741389,1.914028,2.525947
2025-10-16,2157.44964362,2081.54182888,75.9078147,7400.99801818,7278.60648182,122.39153632,12897.53277368,12788.10033789,109.09565659,26915.1198251,26654.96905339,259.8139924,24571.96034942,24401.37890718,170.58144224,24230.79746494,0.26342,0.532073,-1.93355,1.146522,2.537118
2025-10-17,1987.73320899,2260.76512062,-273.03191163,6487.96101591,6661.94872569,-173.98770982,12016.56615998,12144.8065371,-128.24037716,26020.04021047,26165.80178653,-146.09835534,24293.8476241,24128.34699555,165.50062855,23962.846367,-2.255907,-0.547027,-2.222293,-1.725334,2.565755
2025-10-20,1859.89147847,1855.92826332,3.96321513,6005.07433108,6198.23521282,-193.1608818,11248.62270564,11395.29986576,-146.67716018,25427.40872794,25375.65534414,51.41660451,24299.98015403,24132.3102107,167.66994333,23964.64026737,0.531333,-1.477715,-1.213728,-0.259966,2.54584
2025-10-21,2171.2117317,2030.67233614,140.53939554,6018.83641916,6147.36572008,-128.52930096,10519.06422608,10548.54932515,-29.48509915,24944.33902577,24795.99345119,148.0087953,24442.70524052,24272.84960626,169.85563426,24102.993972,1.534774,-0.22844,1.515887,-0.263661,2.521832
2025-10-22,1859.59089262,1776.9814911,82.6094015,5890.69410279,5663.58209056,227.11201217,10035.8769554,10005.88904006,29.98791524,24205.32956699,23633.76785685,571.22493084,24524.09999104,24355.45900778,168.64098326,24186.81802452,-0.332073,1.7353,-0.297808,-1.036989,2.534821
2025-10-23,1768.6072423,1784.83107503,-16.22383274,5799.40986662,5592.48490227,206.9249643,9647.03455408,9709.17828621,-62.1437322,22544.56732776,22497.2786241,46.95192439,24510.4454843,24339.23517505,171.21030925,24168.0248658,0.299934,1.50113,-0.261498,-2.189992,2.527871
2025-10-24,2367.02321884,2308.077607,58.94561184,5995.22135376,5869.89017313,125.3311806,10026.32456393,9756.49077259,269.83379127,22042.89072391,21901.29730969,141.59341411,24571.90211745,24398.18078689,173.72133056,24224.45945633,1.179651,1.146126,3.24416,0.949772,2.50996
2025-10-27,2869.29338736,2624.5987927,244.69459463,7004.9238485,6717.50747473,287.41637373,11035.72647282,10525.16130197,510.56517077,22284.34917846,21920.46116773,363.88801059,24820.12112986,24642.87538155,177.24574831,24465.62963324,1.187274,2.688007,3.917802,2.656523,2.504384
2025-10-28,2583.61732634,2456.58576867,127.03155767,7819.93393254,7389.26216837,430.67176414,11448.13206746,10951.0747345,497.0573329,21967.19629354,21499.62405965,467.57223375,24947.60286776,24769.90693922,177.69592854,24592.21101068,-0.509871,1.858921,1.82517,3.368725,2.522882
2025-10-29,2809.22928001,2693.35755419,115.8717258,8262.13999371,7774.54211556,487.5978781,12397.77045485,11867.45079759,530.3196572,22433.64741025,21873.33983765,560.30757244,25066.48322155,24885.77866504,180.70455651,24705.07410853,1.190646,1.86999,3.380848,3.072971,2.509914
2025-10-30,2821.15720864,2895.13619697,-73.97898832,8214.00381499,8045.07951983,168.92429515,13450.32042119,12977.75591953,472.56450162,23097.35497527,22686.93420574,410.42076942,24990.862119,24811.79967671,179.06244229,24632.73723442,-0.798823,-0.129508,2.24834,1.980962,2.525998
2025-10-31,2542.86181511,2665.46249006,-122.60067497,8173.24830376,8253.95624122,-80.70793749,13626.15901746,13335.14080259,291.01821481,23652.48358139,23091.63157518,560.85200608,24864.01696038,24689.19900176,174.81795862,24514.38104314,-1.470164,-1.093472,-0.429463,2.800765,2.529689
2025-11-03,2296.71853827,2215.86301341,81.117943,7660.73756202,7776.46170044,-115.46172029,13053.58416837,12926.4050233,127.44156318,24089.31064119,23451.56632527,638.00673395,24947.62690687,24770.05452662,177.57238025,24592.48214637,0.274426,-1.989011,-1.327726,2.538059,2.525292
2025-11-04,1978.35576384,2011.54056897,-33.18480513,6817.93611722,6892.86607244,-74.6675371,12448.32260587,12481.3598236,-32.77479962,23896.45467333,23432.4345581,464.28253328,24916.22606754,24736.86972149,179.35634605,24557.51337544,-0.745773,-1.936597,-1.561688,0.234978,2.541284
2025-11-05,1999.97644246,2001.40793637,-1.43149392,6275.05074457,6228.81151875,46.50164395,11639.06976832,11789.41020578,-150.07801934,24036.84022317,23656.86100337,380.24163786,24914.78185407,24735.43822758,179.34362649,24556.09460109,0.18529,-0.28898,-2.539699,0.755285,2.533264
2025-11-06,2337.10637551,2267.05086508,70.0555104,6315.43858181,6279.99937042,35.43921135,11155.01893519,11161.32487389,-6.04352062,24605.33935638,24139.08079342,466.520981,24988.49422474,24805.49373801,183.00048673,24622.49325128,1.429491,0.859595,-0.350491,1.889969,2.514073
2025-11-07,2185.51422482,2235.73180465,-50.21757985,6522.59704279,6504.1906061,18.40643663,10797.6713449,10731.59418848,66.3395745,24423.83036236,24066.73499107,357.35778931,24936.93056525,24755.27615818,181.65440707,24573.62175111,-0.311262,1.301133,0.82158,0.388589,2.514847
2025-11-10,2427.88006646,2351.59722848,76.28283786,6950.50066679,6854.37989821,96.12076841,10928.83287309,10867.32840355,61.50446936,23982.41704146,23793.73342685,188.94603254,25014.16531173,24831.55899616,182.60631557,24648.95268059,0.347446,1.465095,0.894999,-0.44461,2.510155
2025-11-11,2280.53242813,2240.45291503,40.07951307,6893.92671941,6827.78194816,66.14477108,11231.00953738,11096.24074961,134.76878756,23679.33214325,23577.60057321,101.99398794,25052.98319522,24871.63850926,181.34468596,24690.2938233,-0.913413,-0.878631,0.724587,-0.848417,2.525762
2025-11-12,2066.58966714,2097.37389765,-30.78423051,6775.00216173,6689.42404116,85.57812042,11297.62276206,11192.20671089,105.41605097,22936.69253038,22981.61691667,-44.66196837,25021.98654277,24840.85427875,181.13226402,24659.72201473,-0.134509,-0.702884,0.403066,-2.14687,2.527064
2025-11-13,2288.99265207,2248.29781001,40.69484205,6636.11474734,6586.12462269,49.99012461,11249.50903862,11173.45365582,76.05538262,22404.52797381,22334.77852971,70.011862,25065.33557468,24881.54912081,183.78645387,24697.76266694,1.208933,0.149585,0.18474,-0.166398,2.504817
2025-11-14,1983.93340735,2118.49357422,-134.56016689,6339.51572656,6464.16528188,-124.64955535,11047.92822115,11056.21542539,-8.28720442,21845.59956605,21787.80961387,58.05237008,24927.03833573,24746.98895394,180.04938179,24566.93957215,-1.57237,-0.516441,-1.082642,-0.269957,2.519525
2025-11-17,1996.69746768,1920.48798788,76.20937444,6269.6235271,6287.27937211,-17.6559504,10616.74562237,10625.10618479,-8.36066784,21545.57849546,21492.43458834,53.14380152,25003.342177,24823.19843374,180.14374326,24643.05469048,-0.650095,-1.030055,-2.065967,-1.189459,2.533698
2025-11-18,1981.52952197,1955.71671609,25.81280585,5962.160397,5994.69827819,-32.5379866,10317.74271621,10340.36998585,-22.62737506,21548.75225359,21436.61073546,112.1414125,25027.10126942,24849.01123962,178.0900298,24670.92120982,-0.649399,-2.847276,-1.805024,-1.093516,2.559047
2025-11-19,1691.72763826,1737.49262173,-45.76498348,5669.95462791,5613.6973257,56.25719681,9942.88068733,9980.48870993,-37.60812803,21240.50344939,21172.69542082,67.80792294,24979.39691026,24803.24625615,176.15065411,24627.09560204,0.439986,-0.860985,-1.240139,-0.842071,2.555877
2025-11-20,1733.01169191,1792.40395043,-59.39225855,5406.26885214,5485.61328825,-79.34443618,9386.89972717,9524.59485035,-137.69522863,20636.40876579,20698.04850617,-61.63984601,24917.02652405,24743.85399763,173.17252642,24570.68147121,-0.508771,-0.719961,-2.916277,-2.736924,2.563641
2025-11-21,1846.08696763,2138.16571001,-292.07874239,5270.8262978,5668.06228217,-397.23598442,9249.05328745,9544.26698614,-295.21380413,20296.9815086,20600.48241153,-303.50100855,24614.49613686,24451.77525525,162.72088161,24289.05437364,-2.439035,-2.508327,-3.771109,-4.812924,2.60553
2025-11-24,1640.4959762,1669.29382074,-28.79784453,5219.59463574,5599.86348118,-380.26884547,8892.85179597,9293.072819,-400.2210231,19509.59741834,19918.17900379,-408.58169094,24586.68751077,24422.97741071,163.71010006,24259.26731065,-0.124838,-3.056571,-3.262353,-5.260921,2.593761
2025-11-25,1871.66830428,1831.76940179,39.89890248,5358.25124811,5639.22893254,-280.97768444,8782.99057828,9169.1255047,-386.13492647,19100.73329449,19509.49549055,-408.76230153,24630.31937369,24462.8763132,167.44306049,24295.43325271,0.952258,-1.632956,-1.70282,-3.477108,2.570127
2025-11-26,1858.22415121,1798.44866568,59.77548552,5370.38843169,5299.51188821,70.87654347,8949.48709123,9230.08154865,-280.59445747,18892.36777856,19210.57025858,-318.2025855,24693.55057359,24522.65179873,170.89877486,24351.75302387,0.606199,1.437439,-1.540153,-2.761191,2.57475
2025-11-27,1778.35250587,1750.84868066,27.50382522,5508.24496136,5381.06674813,127.17821322,8994.82790519,9188.52627888,-193.6983737,18381.72763236,18713.12112923,-331.39360233,24720.44992357,24550.15562394,170.29429963,24379.86132431,-0.049203,1.514258,-1.085349,-3.969974,2.574377
2025-11-28,1571.23356197,1556.38956528,14.84399666,5207.81021905,5105.68691162,102.1233074,8719.97449953,8606.75013415,113.22436535,17969.02778698,18151.01712029,-181.98943878,24735.77305607,24564.99962063,170.77343544,24394.22618519,0.249344,0.807431,1.640333,-2.192635,2.561525
2025-12-01,1915.10206157,1813.01881264,102.08324897,5264.68812941,5120.25705858,144.43107085,8994.5805849,8750.47512605,244.10545885,17887.43238087,18043.54794505,-156.11556425,24843.1053459,24667.08286956,176.02247634,24491.06039322,1.100679,1.302899,2.887509,-0.469044,2.549963
2025-12-02,1554.56690494,1532.62209164,21.9448133,5040.90252848,4902.03046956,138.87205893,8677.47918556,8451.3278159,226.15136967,17460.46976384,17620.4533206,-159.9835568,24864.54000893,24689.02768286,175.51232607,24513.51535679,-0.484016,0.862204,1.423702,-0.303361,2.564689
2025-12-03,1608.77021836,1645.90437497,-37.13415663,5078.43918487,4991.54527925,86.89390564,8428.02525271,8298.78352519,129.24172752,17377.51234394,17528.86507384,-151.35272995,24825.92321885,24651.89352625,174.0296926,24477.86383365,-0.511295,0.096915,0.297127,-1.247601,2.576672
2025-12-04,1539.34878364,1526.35373985,12.99504377,4702.68590694,4704.88020646,-2.19429956,8189.02153048,8074.28858438,114.73294607,17183.84943567,17262.81486326,-78.96542763,24838.69476648,24664.88857004,173.80619644,24491.0823736,0.342477,-0.653759,0.690164,-0.402675,2.579698
2025-12-05,1787.58309186,1811.36270613,-23.77961428,4935.70209386,4983.62082095,-47.91872714,8405.37106037,8329.26172523,76.10933513,17125.3455599,16936.01185938,189.33370048,24816.75555864,24641.10895577,175.64660287,24465.4623529,0.835145,0.663151,1.27854,2.939846,2.553435
2025-12-08,2280.1890081,2093.87259226,186.31678023,5607.1208836,5431.58903824,175.53220972,8770.4580069,8610.11550485,160.34286639,17765.0385918,17360.5906309,404.44832524,25005.14786796,24827.42537161,177.72249635,24649.70287526,0.811809,2.001874,0.989163,3.905235,2.55196
2025-12-09,2024.06812553,1922.53449013,101.53363539,6091.84022549,5827.76978852,264.07080134,9239.95922749,9000.02790334,239.93168848,17917.43841305,17451.35571924,466.08305815,25105.72341248,24928.95900701,176.76440547,24752.19460154,-0.509142,1.136172,0.963664,2.401086,2.573135
2025-12-10,1804.31372804,1769.21756289,35.09616502,6108.57086167,5785.62464528,322.94658064,9435.50273717,9123.34109126,312.16201013,17863.52798988,17422.12461645,441.40373765,25142.8857877,24964.05517216,178.83061554,24785.22455662,-0.139095,0.159024,1.341383,1.642496,2.577903
2025-12-11,1857.31121418,1919.90769505,-62.59648078,5685.69306775,5611.65974807,74.03331963,9753.46516771,9516.89504646,236.57048558,17942.48669819,17591.18363084,351.30343165,25079.82010411,24901.45869129,178.36141282,24723.09727847,-0.863327,-1.505266,0.123575,0.814592,2.595652
2025-12-12,1948.30764935,2012.45094901,-64.14329968,5609.93259157,5701.57620695,-91.64361544,9914.1897252,9717.98328934,196.20680018,18319.56078557,18047.24501457,272.31613531,25014.03757801,24837.31539163,176.72218638,24660.59320525,0.631899,-0.375649,-0.078237,1.199303,2.576415
2025-12-15,1771.55312527,1723.12981955,48.42330553,5577.1719888,5655.48846361,-78.31647493,9405.55384237,9347.24051663,58.31332548,18176.01184927,17957.35602148,218.65619187,25056.69606624,24885.73869735,170.95736889,24714.78132846,-0.630664,-0.866054,-1.507975,-0.533728,2.59737
2025-12-16,1782.87726047,1787.46989031,-4.5926299,5502.73803509,5523.05065887,-20.31262405,9164.36297731,9212.17591681,-47.81293981,18404.3222048,18212.20382015,192.11874867,25048.35192928,24881.14606751,167.20586177,24713.94020574,-1.197372,-1.20009,-2.189296,-1.246729,2.629556
2025-12-17,1843.68020435,1866.01900463,-22.33880024,5398.11059009,5376.61871449,21.49187539,9203.72945362,9308.97735855,-105.24790507,18639.23219079,18432.31844981,206.91410506,25028.46209194,24858.80726723,169.65482471,24689.15244252,1.830339,-0.023467,-0.260295,1.077596,2.59107
2025-12-18,1712.2491881,1745.49163863,-33.24245068,5338.80665292,5398.98053357,-60.17388082,9058.66742754,9134.56130213,-75.89387497,18812.13259525,18651.45634859,160.67661061,24993.65747669,24825.5648167,168.09265999,24657.47215671,-0.591335,0.016103,0.013352,0.136943,2.592338
2025-12-19,1769.30545061,1723.53553841,45.76991246,5325.23484306,5335.04618167,-9.81133846,8879.6652288,8845.64589153,34.01933717,18793.854954,18563.62918087,230.22613735,25038.27819628,24871.3347289,166.94346738,24704.39126152,0.337935,1.570267,-0.278805,-0.356823,2.581487
2025-12-22,2024.02396715,1897.98584181,125.87002601,5505.57860586,5367.01301885,138.39748779,9132.13607068,9020.50191379,111.46605765,18537.68991305,18367.74243042,169.77938313,25166.40309548,24997.37285424,169.03024124,24828.342613,0.951044,0.693218,1.308504,-0.219202,2.570682
2025-12-23,2169.53856582,2020.95335886,148.58520686,5962.86798358,5642.47473908,320.22514533,9518.79737603,9253.98538234,264.64389441,18683.16035334,18466.16129915,216.8309546,25315.63343658,25145.9580612,169.67537538,24976.28268582,0.197557,1.492304,2.738813,0.489556,2.583247
2025-12-24,2069.10903699,1967.83998156,101.26905561,6262.67156996,5886.77918223,375.72428848,9744.22620867,9355.80635927,388.25175026,18947.95566229,18664.78371782,283.00384519,25416.83208805,25247.22711663,169.60497142,25077.62214521,0.288363,1.442161,1.18308,0.919706,2.574879
2025-12-25,2198.28111334,2160.52148617,37.7596272,6436.92871615,6149.31482659,287.61388967,10230.25813391,9770.83620681,459.25382814,19288.92556145,18905.39750894,383.35995317,25454.30066379,25284.9867438,169.31391999,25115.67282381,0.18293,0.670311,1.971166,1.984781,2.564944
2025-12-26,2389.88321905,2410.2487761,-20.3655572,6657.27336938,6538.61024383,118.66312561,10850.83590235,10457.5494445,393.11835848,19730.50113115,19303.19533603,427.13769565,25433.29856223,25264.62118675,168.67737548,25095.94381127,0.31673,0.790045,1.949615,1.665375,2.557913
2025-12-29,2293.27393883,2209.46968959,83.80424904,6881.43827122,6780.23995186,101.19831904,11120.08587403,10769.03329228,351.05258151,20252.22194471,19789.53520607,462.51863916,25517.3350109,25348.42543599,168.90957491,25179.51586108,-0.383659,0.114662,0.60171,1.918088,2.568861
2025-12-30,2294.05144232,2257.22832808,36.82311426,6977.2086002,6876.94679377,100.2618061,11244.59875053,11005.3082615,239.29048891,20763.39612656,20259.29364384,503.93438332,25552.83793031,25385.24855023,167.58938008,25217.65917015,0.256709,0.188391,0.661101,3.41802,2.569366
2025-12-31,2178.28272101,2321.9712354,-143.68851442,6765.60810216,6788.66925307,-23.06115112,11353.77243455,11359.43951534,-5.66708112,21097.99864322,20715.24587461,382.58466914,25406.8233643,25241.56003584,165.26332846,25076.29670738,-0.458848,-0.586195,-0.088888,1.093141,2.556218
2026-01-05,2905.52359343,2712.8661243,192.65746908,7377.85775676,7292.06568778,85.79206892,12061.01491464,11911.78415347,149.23076076,22291.27304855,21682.62036028,608.4845889,25606.48218483,25434.21750497,172.26467986,25261.95282511,1.896487,1.689315,1.62002,3.623119,2.533999
2026-01-06,3280.07756973,3091.20312258,188.87444734,8363.88388417,8126.04048228,237.843402,12951.20926532,12592.73849995,358.4707653,23802.04516767,23050.28794445,751.58912378,25799.00361067,25623.09195212,175.91165855,25447.18029357,1.546249,2.997281,2.865513,4.870994,2.511845
2026-01-07,3304.4547886,3055.43848164,249.01630701,9490.05595176,8859.50772852,630.54822343,13962.39011509,13438.707292,523.68282327,25082.47598912,24207.74058428,874.73540478,26047.42449051,25872.10825908,175.31623143,25696.79202765,-0.292818,3.169076,2.959316,3.578833,2.534635
2026-01-08,3118.69123264,2959.25411602,159.43711651,9703.22359097,9105.89572024,597.32787086,14787.02990541,14140.73307994,646.29682552,26031.62865594,25146.04134144,885.58731443,26206.09326544,26031.5453757,174.54788974,25856.99748596,-0.816725,0.421979,1.856946,2.530323,2.549918
2026-01-09,3447.28327682,3379.4777824,67.80549444,9870.42929806,9394.17038006,476.25891796,16056.03046122,15198.23962694,857.79083438,27409.80289577,26557.67914228,852.12375326,26276.00824714,26099.35087012,176.65737702,25922.6934931,0.448925,-0.663196,2.785838,2.694474,2.529768
2026-01-12,4263.40169147,3802.86989028,460.53180111,10829.37620093,10141.6017887,687.77441206,17413.90855926,16288.24339292,1125.66516641,29474.9234739,28200.02754639,1274.89592717,26740.61939204,26559.88267131,180.73672073,26379.14595058,0.651269,0.277384,1.529752,3.174554,2.536825
2026-01-13,4042.98805731,3948.96410771,94.02394966,11753.6730256,11131.31178039,622.36124521,18176.81904684,17146.00437805,1030.81466873,31128.02831216,29738.742878,1389.28543403,26829.92130544,26653.90662091,176.01468453,26477.89193638,-0.602998,0.493468,-0.619146,2.228625,2.569526
2026-01-14,4508.32249971,4355.95488125,152.36761851,12814.71224849,12107.78887924,706.92336928,19380.68675795,18446.52077766,934.16598023,33343.07687304,31885.22806966,1457.8488035,26982.30615985,26806.27423937,176.03192048,26630.24231889,-0.401211,-0.357045,-0.727185,2.210612,2.583019
2026-01-15,3170.8522502,2964.72404357,206.1282066,11722.16280722,11269.64303253,452.51977477,19432.84777551,18451.99070521,980.85707032,34219.87768092,32592.72378515,1627.15389584,27187.50833103,27012.402446,175.10588503,26837.29656097,0.200313,-0.803484,0.290771,2.153116,2.609654
2026-01-16,3357.09853781,3225.17097036,131.92334963,11036.27328772,10545.84989518,490.41917474,19342.6630365,18297.68389317,1044.97492551,35398.69349772,33495.92352011,1902.76575989,27315.37176581,27144.33001345,171.04175236,26973.28826109,-0.411592,-0.612464,-0.568391,2.201612,2.629612
2026-01-19,2674.21320268,2759.21870713,-85.00550456,9202.16399069,8949.11372106,253.04605167,17753.47454771,17254.03271002,499.43761984,35167.38310697,33542.27610294,1625.10278625,27231.7495401,27059.324509,172.4250311,26886.8994779,0.054583,-0.157636,-1.157847,0.354192,2.611522
2026-01-20,2634.7412544,2773.86804791,-139.12679337,8666.05299489,8758.2577254,-92.2089483,16345.2277448,16078.93665022,266.28687681,34522.04679164,33224.94102827,1297.10154554,27093.58555155,26920.19771549,173.38783606,26746.80987943,-0.329022,-0.68508,-0.8854,-1.499065,2.606023
2026-01-21,2599.39099745,2483.88191184,115.50908559,7908.34545453,8016.96866688,-108.62321234,14436.29624254,14206.86368081,229.42834389,33816.98300049,32653.38445847,1163.59432412,27210.22639579,27035.7068011,174.51959469,26861.18720641,0.088813,-0.186049,-0.397758,-1.12205,2.609543
2026-01-22,2679.0288747,2639.31037893,38.03825958,7913.16112655,7897.06033868,14.4205518,13944.47286704,13881.45001617,61.33839687,33377.32064255,32333.44072138,1042.19546719,27249.12818076,27075.42529687,173.70288389,26901.72241298,0.013548,-0.226985,-0.583408,-0.294333,2.603246
2026-01-23,3027.62692245,3041.6469729,-14.02005055,8306.0467946,8164.83926367,139.52729462,13615.00125168,13697.92601871,-84.60500331,32957.66428818,31995.60991188,960.3699222,27234.75396481,27061.40524642,173.34871839,26888.05652803,-0.449064,-0.34715,-0.620816,-1.185678,2.585109
2026-01-26,3103.62876637,3084.81546654,18.81329965,8810.28456352,8765.77281837,42.83150868,14044.41681537,14023.52277812,19.2138009,31797.89136308,31277.55548814,518.65142074,27254.40232286,27080.21854625,174.18377661,26906.03476964,0.095001,-0.34099,-0.580671,-1.731795,2.597288
2026-01-27,2784.96861149,2806.14821691,-21.17960562,8916.22430031,8932.61065635,-16.38635652,14194.64417246,14055.80294712,137.16098865,30539.87191726,30134.73959734,403.44786546,27233.90613761,27059.03894083,174.86719678,26884.17174405,-0.027028,-0.381423,-0.279439,-1.162366,2.593195
2026-01-28,2955.33921757,2761.77691328,193.56230439,8843.93659543,8652.74059673,191.19599842,14550.59239258,14333.69794856,215.21420745,28986.88863512,28540.56162937,444.64255134,27426.42809417,27252.60124512,173.82684905,27078.77439607,0.261377,0.329502,-0.107511,-0.504841,2.607498
2026-01-29,3122.75447224,3153.03752292,-30.2830507,8863.0623013,8720.96265311,142.09964807,14994.31799012,14847.42509255,146.89289717,28938.79085716,28728.87510872,208.23129404,27393.62881542,27222.31819444,171.31062098,27051.00757346,0.760457,0.996517,0.638494,0.051361,2.605784
2026-01-30,2669.78731123,2905.2193177,-235.43200678,8747.88100104,8820.0337539,-72.15275309,14636.4783789,14710.99743735,-74.51905906,28251.47963058,28408.92345606,-159.12406237,27152.87320116,26986.88618797,165.98701319,26820.89917478,-0.999809,0.013777,0.081733,-0.53959,2.606309
2026-02-02,2418.66450112,2478.75908713,-60.09458651,8211.20628459,8537.01592775,-325.80964399,13951.51411365,14104.94105794,-153.42694522,27995.93092902,28128.46383606,-134.21314432,27090.87992761,26926.79160196,164.08832565,26762.70327631,-2.132447,-2.374135,-2.145419,-2.713632,2.66508
2026-02-03,2443.3559784,2471.74726364,-28.39128535,7531.80779075,7855.72566847,-323.91787864,13609.90148056,13770.54010467,-160.63862495,27804.54565302,27826.34305179,-23.4776363,27065.63863675,26898.40031672,167.23832003,26731.16199669,1.175157,-1.972336,-0.968708,-1.24544,2.617934
2026-02-04,2242.60558927,2382.02861981,-139.42303045,7104.62606879,7332.53497058,-227.90890231,12897.16785226,13390.7918112,-493.62395979,27447.76024484,27724.48975976,-278.40975234,26928.71985909,26758.97728618,169.74257291,26589.23471327,0.827788,-0.162693,-0.409246,-0.516317,2.587235
2026-02-05,1983.76692419,2102.07715098,-118.31022681,6669.72849186,6955.85303443,-286.12454261,11758.18030421,12339.83143926,-581.6511359,26752.49829433,27187.25653181,-434.75823873,26808.59977033,26640.66705939,167.93271094,26472.73434845,-0.601539,1.399027,-1.755431,-1.128145,2.5985
2026-02-06,1902.7114142,2072.9229613,-170.21154692,6129.08392766,6557.02873209,-427.94480418,10991.10440718,11507.53508286,-516.43067604,25627.58278608,26218.53252021,-590.9497351,26636.6027146,26470.45551229,166.14720231,26304.30830998,-0.574315,-0.354316,-1.333185,-1.252541,2.58635
2026-02-09,2159.46582731,2154.23500686,5.23082014,6045.9441657,6329.23511914,-283.29095359,10731.90573337,11183.01100259,-451.10526939,24683.41984702,25287.95206053,-604.53221461,26644.00286203,26475.68633274,168.31652929,26307.36980345,1.625034,0.433583,2.454982,0.256894,2.545394
2026-02-10,1920.10576345,1958.3823921,-38.27662856,5982.28300496,6185.54036026,-203.25735534,10208.65551842,10669.64613105,-460.9906126,23818.55699898,24440.18623572,-621.62923755,26604.74778111,26437.40970409,167.33807702,26270.07162707,0.111033,1.153575,1.377397,0.395347,2.539442
2026-02-11,1800.10177139,1959.275038,-159.17326705,5879.67336215,6071.89243696,-192.21907547,9766.15170054,10246.89254924,-480.7408492,22663.3195528,23637.68436044,-974.36480899,26444.34811899,26278.23643748,166.11168151,26112.12475597,-0.221771,1.512246,0.322118,-0.088447,2.525263
2026-02-12,2156.94965522,2141.81284074,15.13681483,5877.15719006,6059.47027084,-182.31308078,9939.33443157,10286.628239,-347.29380756,21697.51473578,22626.45967826,-928.94494346,26456.0204314,26293.37325196,162.64717944,26130.72607252,0.122183,0.011064,1.052565,-0.721343,2.521139
2026-02-13,1791.67503217,2361.25457961,-569.57954819,5748.72645878,6462.34245835,-713.61600041,9828.29804954,10574.95985731,-746.66180883,20819.40245672,22082.49494017,-1263.09248487,25881.25152783,25723.79370452,157.45782331,25566.33588121,-1.253765,-1.352371,0.361997,-0.976013,2.496156
2026-02-24,2270.06184316,1931.17533521,338.88650798,6218.68653055,6434.24275556,-215.55622538,9938.89406539,10351.90018566,-413.00612099,20670.79979876,21534.91118825,-864.11139038,26227.56718268,26062.68021247,164.88697021,25897.79324226,1.011466,-0.133109,-0.243945,2.205049,2.502076
2026-02-25,2465.84378142,2229.46558928,236.37819241,6527.58065675,6521.8955041,5.6851522,10484.63208336,10622.98338284,-138.35130002,20693.28760178,21292.62951389,-599.34191262,26466.26299252,26299.05840461,167.20458791,26131.8538167,0.602051,0.345535,0.245332,1.626108,2.502013
2026-02-26,2561.61613079,2360.91858831,200.69754224,7297.52175537,6521.5595128,775.96224263,11246.14644276,11024.62693315,221.51950927,21012.2981433,21271.51948239,-259.22133993,26670.4026907,26499.75594709,170.64674361,26329.10920348,-0.19029,1.426234,0.27696,0.59997,2.51853
2026-02-27,2428.88917531,2410.00180628,18.88736887,7456.34908752,7000.38598387,455.96310352,11518.08596285,11292.81589869,225.27006331,21457.42039442,21579.44413769,-122.02374425,26691.9761243,26518.64331612,173.33280818,26345.31050794,-0.343292,0.065913,-0.189235,0.861338,2.511435
2026-03-02,2796.42644791,2752.22588401,44.2005639,7786.93175401,7523.1462786,263.78547501,12522.83737859,11683.78720309,839.0501754,22351.13542813,22258.7470604,92.38836657,26740.06801808,26562.84388002,177.22413806,26385.61974196,0.382578,-0.15239,1.464748,1.832048,2.515083
2026-03-03,2820.56898073,3045.58013649,-225.0111554,8045.88460395,8207.80782678,-161.92322263,13073.34451616,12798.19200437,275.15251202,23012.23858155,23150.09219003,-137.85360897,26513.11189878,26337.83272426,175.27917452,26162.55354974,-1.538966,-1.501578,-1.097128,-1.338397,2.547284
2026-03-04,2114.27154862,2197.22154118,-82.94999301,7731.26697726,7995.02756168,-263.76058451,12721.77228336,12765.94795627,-44.1756734,23206.40436672,23388.93133911,-182.52697342,26426.87694292,26254.8827317,171.99421122,26082.88852048,-1.144173,-2.29315,-2.813858,-2.575429,2.560252
2026-03-05,2281.85669599,2198.4451959,83.41150022,7216.69722534,7441.24687357,-224.54964819,12442.01284856,12603.47456386,-161.46171542,23688.15929132,23628.10149701,60.05779385,26518.05522583,26338.29423179,179.76099404,26158.53323775,0.979167,-1.712463,-1.675141,-1.40282,2.546589
2026-03-06,2018.31905033,2079.93585855,-61.61680859,6414.44729494,6475.60259563,-61.15530138,12031.44272358,12273.40861613,-241.96589288,23549.52868643,23566.22451482,-16.69582957,26455.61354599,26276.67742357,178.93612242,26097.74130115,0.274263,0.097571,-1.065839,-1.253057,2.525725
2026-03-09,2390.36214932,2391.85251778,-1.49036856,6690.53789564,6670.23357223,20.30432307,11625.37842499,11913.0352499,-287.65682534,24148.21580358,23596.82245299,551.39335006,26456.39404954,26275.18705511,181.20699443,26093.98006068,-0.965229,0.278763,-2.394198,-0.964519,2.542722
2026-03-10,2341.53515249,2243.80517247,97.72998027,6750.21635214,6715.5935488,34.62280312,11146.34459675,11111.26028588,35.08431033,24219.68911291,23909.45229025,310.23682235,26553.40227346,26372.91703513,180.48523833,26192.4317968,1.284838,0.582313,0.405078,-0.696495,2.524222
2026-03-11,2431.95562269,2377.98153678,53.97408592,7163.8529245,7013.63922703,150.21369763,11464.02867082,11292.02028148,172.00838926,24185.80095418,24057.96823775,127.83271586,26612.40380011,26426.89112104,185.51267907,26241.37844197,0.636176,0.945338,2.213328,-0.662809,2.519694
2026-03-12,2325.71168311,2293.14115569,32.57052739,7099.20245829,6914.92786494,184.27459358,11507.88365794,11386.71624127,121.16741643,23949.8965065,23990.19080513,-40.29429899,26646.57882919,26459.46164846,187.11718073,26272.34446773,-0.359992,1.562251,0.857802,-0.831708,2.53071
2026-03-13,2185.41149135,2312.26696292,-126.85547136,6943.07879715,6983.38965539,-40.31085805,11674.97609896,11619.04734564,55.92875366,23706.41882254,23892.45596177,-186.03713922,26517.11225368,26332.60617689,184.50607679,26148.1001001,-0.392957,-0.120139,0.186699,-0.88113,2.539657
2026-03-16,2232.92896203,2135.52676586,97.40219561,6744.05213649,6740.93488447,3.11725164,11517.54291167,11362.72159372,154.82131783,23142.92133666,23275.75684362,-132.83550751,26613.79572955,26430.00837306,183.78735649,26246.22101657,0.05181,-0.700113,1.215568,-1.207733,2.551539
2026-03-17,1993.48029271,2083.547147,-90.06685423,6411.82074609,6531.34087578,-119.52012998,11169.48805189,11202.46356825,-32.97551667,22315.83264864,22313.72385413,2.10879366,26520.36377115,26339.94151877,180.42225238,26159.51926639,-0.730375,-1.069232,-0.798266,-0.396422,2.574421
2026-03-18,1925.79203956,1900.36598135,25.42605783,6152.2012943,6119.43989421,32.76139921,10663.32446876,10724.84801282,-61.52354476,22127.35313958,22016.8682943,110.4848445,26545.75417251,26365.36757698,180.38659553,26184.98098145,0.450533,-0.231469,-0.981263,1.210346,2.562273
2026-03-19,1918.69202239,1961.55174502,-42.85972264,5837.96435466,5945.46487337,-107.50051904,10256.30480804,10393.25860215,-136.95379479,21764.18846598,21779.97484342,-15.78637836,26501.27824936,26322.50785435,178.77039501,26143.73745934,-1.611763,-1.890333,-2.22523,-1.386516,2.601952
2026-03-20,2074.81286853,2248.89026186,-174.07739401,5919.29693048,6110.80798823,-191.51105882,10145.70618522,10329.88190109,-184.17571744,21820.68228418,21948.92924673,-128.24696378,26322.93770603,26148.43046102,174.50724501,25973.92321601,-0.354185,-1.518539,-2.187172,-2.004556,2.615586
2026-03-23,2101.86468168,2216.96336888,-115.09868712,6095.3695726,6427.40537576,-332.03580377,10014.64190487,10411.31850411,-396.67660017,21532.18481654,21774.04009783,-241.85528234,26200.30598152,26033.33177382,166.9742077,25866.35756612,-3.262978,-5.159256,-5.427781,-4.278191,2.707334
2026-03-24,1802.67308765,1871.64583876,-68.97275094,5979.35063786,6337.4994695,-358.14883207,9823.83469981,10199.41719587,-375.58249688,20993.3227517,21401.88076412,-408.55801355,26135.98652609,25964.35902271,171.62750338,25792.73151933,1.28396,-2.367941,-3.508764,-4.279021,2.649457
2026-03-25,2062.40361226,2030.80121786,31.60239417,5966.94138159,6119.4104255,-152.46904389,9960.44627251,10329.85243238,-369.40616054,20623.77074127,21054.7004452,-430.9297053,26174.75306555,25995.96141711,178.79164844,25817.16976867,1.40217,-0.647081,-2.594637,-3.55044,2.610903
2026-03-26,1761.60259359,1769.9644122,-8.36181836,5626.6792935,5672.41146882,-45.73217513,9803.35684371,10138.26509956,-334.90825626,20059.66165175,20531.52370171,-471.86205105,26165.49595963,25987.5995985,177.89636113,25809.70323737,-1.32081,1.347606,-2.30659,-4.480493,2.641602
2026-03-27,1658.77148376,1738.24210076,-79.4706173,5482.77768961,5539.00773082,-56.23004149,9387.31545894,9627.61693846,-240.30147955,19533.02164416,19957.49883955,-424.47719699,26088.44590752,25908.1289815,180.31692602,25727.81205548,0.559136,0.622327,-1.411164,-3.567471,2.610159
2026-03-30,1733.44504778,1655.44244733,78.00260119,5153.81912513,5163.64896029,-9.82983447,9018.89582504,9066.09601691,-47.20019124,19033.53772991,19477.41452102,-443.87679141,26169.13565994,25986.13158195,183.00407799,25803.12750396,-0.235861,-1.003106,1.673901,-3.844736,2.614196
2026-03-31,1791.18783079,1872.55365916,-81.36582844,5183.40436233,5266.23820725,-82.83384455,9007.41056818,9067.00383731,-59.59326874,18831.24526799,19266.42103318,-435.17576562,26086.56966117,25904.76575358,181.80390759,25722.96184599,-0.932795,-0.613842,-0.551388,-4.040806,2.63639
2026-04-01,1884.73728367,1877.43908745,7.298196,5409.37016224,5405.43519394,3.93496875,8829.74423959,8913.6417069,-83.89746691,18790.1905121,19243.49413928,-453.30362745,26097.7883107,25912.0639498,185.7243609,25726.3395889,1.70824,0.521858,-0.251215,-2.839334,2.597566
2026-04-02,1630.04680041,1740.02855311,-109.98175238,5305.97191487,5490.02129972,-184.04938482,8698.18844641,8883.70584781,-185.51740093,18501.54529012,19021.97094737,-520.42565719,25986.72882158,25802.0821971,184.64662448,25617.43557262,-1.041803,-0.290206,0.030816,-2.276484,2.61394
2026-04-03,1503.041837,1677.89783913,-174.85600257,5017.82592108,5295.36547969,-277.53955895,8542.45879965,8823.36158618,-280.9027862,17929.77425859,18450.97852464,-521.20426575,25808.01527908,25627.22619497,180.78908411,25446.43711086,-0.851215,-0.208097,-1.372125,-2.763926,2.62748
2026-04-07,1491.88911614,1453.22519351,38.66392258,4624.97775355,4871.15158575,-246.17383237,8300.90286801,8621.14433236,-320.24146481,17319.79869305,17687.24034927,-367.44165605,25849.63909375,25665.8901176,183.74897615,25482.14114145,-0.003889,-1.887966,-1.142795,0.511976,2.619205
2026-04-08,2421.91472382,2259.28044307,162.63428126,5416.84567696,5390.40347571,26.44220127,8931.62976104,9007.87111627,-76.24135511,17939.04032922,18074.87495358,-135.83462385,26015.33591144,25828.52439835,186.81151309,25641.71288526,3.489151,2.604245,3.269777,2.70036,2.551272
2026-04-09,2040.39407151,1966.86343263,73.53063845,5954.19791147,5679.36906921,274.82884229,9087.28654888,9097.29546145,-10.00891266,17917.03078847,18010.93716835,-93.90637957,26087.10586364,25902.05503723,185.05082641,25717.00421082,-0.638275,2.824606,0.887236,0.633792,2.575688
2026-04-10,2347.77776194,2294.74951255,53.02824976,6810.08655727,6520.89338825,289.19316947,9805.01751041,9652.01642089,153.00108948,18503.20595682,18535.7222687,-32.51631145,26144.03832155,25955.08328662,188.95503493,25766.12825169,1.540481,4.41266,3.519858,3.551758,2.554844
2026-04-13,2111.7861004,1950.82479706,160.96130391,6499.95793385,6212.43774224,287.52019212,10413.76177381,9924.94337882,488.81839596,18956.22057346,18748.304965,207.91560976,26307.35925306,26116.04458996,191.3146631,25924.72992686,0.206815,1.101033,4.624532,3.188952,2.563751
2026-04-14,2467.42078472,2304.5678374,162.85294686,6926.98464706,6550.14214701,376.84250053,11389.29344239,10776.28602271,613.00742024,19690.1963104,19397.43035507,292.76595543,26476.27220657,26278.89753728,197.37466929,26081.52286799,1.186553,2.957805,5.870075,4.660197,2.550997
2026-04-15,2462.80735191,2360.92673188,101.88061968,7042.01423703,6616.31936634,425.69487045,11430.18607048,10877.93231152,552.25375866,20361.81583152,19885.80342779,476.01240355,26576.70695938,26380.77815731,195.92880207,26184.84935524,-0.341126,1.049934,1.951677,5.28527,2.567412
2026-04-16,2371.9327551,2263.54858719,108.38416733,7302.16089173,6929.04315647,373.11773387,11761.72475407,11174.61746608,587.10728754,20849.01130295,20271.91292753,577.09837488,26687.30933522,26489.16232522,198.14701,26291.01531522,1.096235,1.946838,3.731398,4.651741,2.548973
2026-04-17,2478.08119996,2455.17611375,22.90508621,7312.82130697,7079.65143282,233.16987322,11892.02819209,11335.04406728,556.98412399,21697.0457025,20987.06048817,709.98521347,26710.2938941,26512.06741143,198.22648267,26313.84092876,-0.167548,0.582562,1.986516,5.576296,2.547989
2026-04-20,2701.3159906,2409.81872527,291.49726541,7551.32994566,7128.54342621,422.78651895,12481.55808229,11794.03799549,687.52008549,22895.3198561,21718.98137431,1176.33848145,27002.59517709,26803.56467676,199.03050033,26604.53417643,0.608422,1.540911,2.395256,7.130557,2.556729
2026-04-21,2348.53533875,2283.95890797,64.57643092,7527.93252931,7148.95374699,378.97878254,12362.67263632,11773.42906606,589.24356955,23751.96607871,22549.71508877,1202.25098979,27066.69382509,26868.14110754,198.55271755,26669.58838999,0.221865,0.662696,1.419044,7.372418,2.562182
2026-04-22,2635.01194387,2498.58554689,136.42639753,7684.86327322,7192.36318013,492.50009386,12534.87722828,11911.08788107,623.7893474,23965.06329876,22789.02019259,1176.04310606,27206.90098241,27004.56750452,202.33347789,26802.23402663,0.663381,1.500536,2.441293,4.440616,2.556863
2026-04-23,2830.47969335,2792.76740022,37.71229291,7814.02697597,7575.31185508,238.71512136,12993.42416653,12440.3066941,553.11747298,24755.1489206,23614.92416018,1140.22476052,27242.72602086,27042.27979765,200.44622321,26841.83357444,-0.277099,0.607162,1.049688,4.820254,2.575762
2026-04-24,2589.49407097,2701.86593338,-112.37186222,8054.98570819,7993.21888049,61.76682822,13104.83703754,12686.99651373,417.84052455,24996.86522963,24022.04058101,974.82464854,27127.86066717,26929.90793524,197.95273193,26731.95520331,-0.354311,0.028771,0.860648,2.86426,2.57597
2026-04-27,2616.73138307,2460.91273178,155.818651,8036.70514739,7955.54606538,81.15908169,13020.25243001,12738.09052024,282.16191014,25501.8105123,24532.12851573,969.68199563,27285.30208429,27085.72658653,199.57549776,26886.15108877,0.033088,-0.597549,0.283871,2.685927,2.583399
2026-04-28,2479.99677209,2478.78406028,1.21271194,7686.22222613,7641.56272544,44.65950072,13151.71386335,12932.91567255,218.79819116,25514.38649967,24706.34473861,808.04176071,27284.36698193,27086.93929834,197.42768359,26889.51161475,-0.267004,-0.587486,-0.2053,1.210831,2.596886
2026-04-29,2630.61725854,2592.64441033,37.97284771,7727.3454137,7532.34120239,195.00421065,13147.31917802,13026.97453599,120.34464134,25682.1964063,24938.06241706,744.13398874,27323.02217011,27124.91214655,198.11002356,26926.80212299,1.095759,0.859191,0.223347,2.670092,2.572797
2026-04-30,2688.07046409,2857.18780647,-169.11734279,7798.68449472,7928.61627708,-129.93178314,13004.90994876,13091.39494224,-86.48499436,25998.33411529,25531.70163634,466.63247862,27152.08487233,26955.79480417,196.29006816,26759.50473601,-0.063195,0.762113,0.438324,1.492613,2.554058
2026-05-06,3503.00544737,3091.35325366,411.65219392,8821.69317,8541.18547046,280.50769884,13918.42132516,13480.88226252,437.53906178,27023.2583627,26167.87877625,855.37958633,27567.12595521,27367.44699788,199.67895733,27167.76804055,1.451671,2.498522,2.258672,3.138759,2.552007
2026-05-07,3344.2810058,3048.27991812,296.00108763,9535.35691726,8996.82097825,538.53593876,14645.97094789,14068.24944886,577.72149841,27666.2233779,26806.3399691,859.88340855,27864.36392025,27663.44808556,200.91583469,27462.53225087,0.480134,1.874356,2.715664,3.007244,2.560578
2026-05-08,3076.37981895,2916.60351372,159.77630514,9923.66627212,9056.2366855,867.42958669,15242.35399475,14506.0689023,736.28509161,28394.0678581,27438.98457485,955.08328277,28025.01273707,27823.22439079,201.78834628,27621.43604451,-0.583564,1.343898,2.389637,2.179431,2.574725
2026-05-11,3748.79049523,3441.64884345,307.14165152,10169.45131998,9406.53227529,762.91904429,16360.52723144,15355.07333542,1005.45389542,29507.84640946,28382.04787141,1125.79853676,28338.57790591,28130.36604257,208.21186334,27922.15417923,1.640514,1.53254,2.941364,3.17128,2.569461
2026-05-12,3278.83495192,3110.55644611,168.27850653,10104.0052661,9468.80880328,635.19646319,16951.29171927,15608.44197506,1342.84974474,29956.20166803,28699.8369173,1256.36475038,28507.44314103,28298.64454838,208.79859265,28089.84595573,-0.076539,0.970036,2.927618,3.378774,2.594873
2026-05-13,3396.03124213,3166.13725208,229.89399006,10423.65668928,9718.34254164,705.31414811,16844.31751403,15683.22597348,1161.09154088,30762.73883919,29164.108236,1598.63060266,28739.45270713,28528.53853843,210.9141687,28317.62436973,1.016466,2.595069,2.486081,4.800906,2.590219
2026-05-14,3459.31488194,3367.77477955,91.54010184,10134.18107599,9644.46847774,489.71259843,16959.35139017,16002.72083491,956.63055509,31605.32233806,30070.97028377,1534.3520535,28827.55007011,28620.07864082,207.47142929,28412.60721153,-1.675448,-0.752034,0.287466,3.010937,2.645463
2026-05-15,3308.76945643,3367.06196481,-58.29250795,10164.1155805,9900.97399644,263.14158395,17191.74102765,16453.179286,738.561742,32434.0950224,30959.2481883,1474.84683361,28764.60427504,28561.78613244,202.8181426,28358.96798984,-1.119205,-1.787651,-0.252868,2.130726,2.666679
2026-05-18,2849.72359422,2692.44982557,157.27376848,9617.80793259,9427.28656993,190.52136237,16292.67412664,15703.98026812,588.69385896,32653.20135808,31059.05360354,1594.14775438,28923.79831046,28719.05990109,204.73840937,28514.32149172,-0.536444,-3.297454,-2.389273,0.481813,2.683159
2026-05-19,2814.22670053,2762.41942123,51.80727926,8972.71975118,8821.93121161,150.78853979,15828.06587525,15355.84324324,472.22263169,32779.35759452,30964.2852183,1815.07237643,28979.38493443,28770.86718039,208.51775404,28562.34942635,0.400526,-1.255727,-1.92325,0.948063,2.667535
2026-05-20,2931.3036196,2865.98774531,65.31587505,8595.25391435,8320.85699211,274.39692279,15363.33825272,15055.69373647,307.64451668,32207.65576675,30738.91970995,1468.73605756,29049.39465937,28836.18305468,213.21160469,28622.97144999,-0.044988,-0.182993,-2.953814,-0.541167,2.680064
2026-05-21,3470.9444172,3554.32762237,-83.38320495,9216.47473733,9182.73478891,33.73994936,15374.96778798,15242.24657929,132.72120989,32334.31917815,31244.9674142,1089.35176498,28962.10904143,28752.79984951,209.30919192,28543.49065759,-1.393663,-1.043258,-2.675692,-2.395918,2.731641
2026-05-22,2916.04890961,2886.63953148,29.40937804,9318.29694641,9306.95489916,11.34204814,14982.24724116,14761.82414596,220.42309588,32173.98826881,31215.00343196,958.98483788,28991.51925961,28782.20922764,209.31003197,28572.89919567,1.296189,-0.160474,-0.298319,-0.550433,2.696977
2026-05-25,3506.11877803,3252.92508563,253.19369233,9893.11210484,9693.89223948,199.21986542,15638.64242497,15322.29940602,316.34301973,31931.31655161,31026.27967414,905.03687869,29252.0877945,29035.40292004,216.68487446,28818.71804558,1.578953,1.461591,1.822143,-0.610666,2.693505
2026-05-26,3319.83005798,3246.69514725,73.13491143,9741.99774562,9386.25976436,355.7379818,16144.24578242,15806.57513204,337.6706519,31972.31165767,31162.41837528,809.89328359,29326.29362443,29108.53783077,217.75579366,28890.78203711,0.533402,3.444456,1.956901,-0.003985,2.708635
2026-05-27,3280.81047901,3239.96649784,40.84398087,10106.75931502,9739.58673072,367.17258463,16493.75264183,16180.55388457,313.19875772,31857.09089455,31236.24762104,620.8432744,29366.6666971,29149.38181194,217.28488516,28932.09692678,-0.801922,1.301848,1.184806,-1.804004,2.74709
2026-05-28,2976.6805807,2919.99241266,56.68816821,9577.32111769,9406.65405775,170.66706051,15999.48880533,15546.21867486,453.27013088,31374.45659331,30788.46525415,585.99134077,29424.02697453,29206.06997998,217.95699455,28988.11298543,0.123099,-0.150035,2.74123,-0.007809,2.741165
2026-05-29,3117.96907463,3414.31058533,-296.93871738,9375.46013434,9574.26949583,-199.4065683,16201.40897035,16073.88972871,126.92203546,31183.65621151,30835.71387467,347.34513134,29124.18160134,28909.72846928,214.45313206,28695.27533722,-0.449553,-1.126308,0.970584,0.669369,2.745954
2026-06-01,2630.78028688,2706.52458909,-75.74430221,8725.42994221,9040.82758708,-315.99485138,15326.0704792,15527.48923217,-202.01595908,30964.71290417,30849.78863819,114.32706065,29043.02483979,28833.98416707,209.04067272,28624.94349435,-0.978424,-1.302232,-1.571478,0.222031,2.751375
2026-06-02,2636.53045478,2623.37572939,13.15472497,8385.27981629,8744.21090381,-359.52829462,14642.770876,14904.16981431,-261.99614554,30787.01665842,30710.74494635,75.67450636,29055.95251708,28847.13889246,208.81362462,28638.32526784,1.451276,0.007037,-0.672822,1.270913,2.736057
2026-06-03,3185.91824171,3100.88164433,85.03659712,8453.22898337,8430.78196281,22.44701988,14547.8786387,14765.0849608,-217.80352929,31041.63128053,30945.63884537,95.39522843,29143.75514366,28932.17548984,211.57965382,28720.59583602,0.493432,0.954347,0.624218,1.81642,2.737261
2026-06-04,2778.5308741,2713.67368067,64.85719392,8600.97957059,8437.93105439,163.04851601,14349.7289321,14558.76622881,-209.63450358,30349.21773743,30104.98490367,243.6356273,29206.86113684,28997.03268327,209.82845357,28787.2042297,-0.689715,1.248691,-0.192664,2.543285,2.760825
2026-06-05,2980.11431505,3119.99369789,-139.87938317,8944.56343086,8934.54902289,10.01440787,14211.87417252,14264.44934137,-52.57516937,30413.28314287,30338.33907008,74.34686609,29066.88099505,28857.15330043,209.72769462,28647.42560581,-1.790623,-1.986734,-1.537194,-0.58153,2.773559
2026-06-08,2497.8944987,2730.6278816,-232.73338279,8256.53968785,8564.29526016,-307.75557204,14078.98838434,14288.55263388,-209.56424995,29405.05886354,29816.04186605,-411.58020903,28828.95221196,28624.41991753,204.53229443,28419.8876231,-2.144194,-4.559263,-2.696385,-4.22549,2.81444
2026-06-09,2539.21530527,2501.79888872,38.32035437,8017.22411902,8352.42046821,-334.29241159,13981.67323483,14166.97579321,-184.39862055,28624.44411083,29071.14560752,-446.39476609,28872.75686085,28661.83633408,210.92052677,28450.91580731,1.870632,-2.098678,-2.294173,-2.951559,2.76932
2026-06-10,2400.83034899,2482.8356958,-82.00534733,7437.94015296,7715.26246612,-276.41837575,13196.58534211,13548.92984468,-351.440565,27744.46398081,28314.01480548,-569.24409429,28791.14601496,28579.83098727,211.31502769,28368.51595958,-1.108278,-1.418473,-3.851453,-3.251276,2.790393
2026-06-11,2369.39194368,2422.11624743,-52.72430419,7309.43759794,7406.75083195,-96.40929715,12787.44641169,13257.37241144,-469.02206311,27137.17534379,27816.13864025,-678.65656669,28736.26097853,28527.10668352,209.15429501,28317.95238851,-0.551342,0.186192,-3.717486,-3.902987,2.79631
2026-06-12,2914.03885824,2917.91254324,-3.87368462,7684.26115091,7822.86448647,-138.60333614,12721.37095488,13055.29125679,-333.01636456,26933.2451274,27319.74059816,-385.59153393,28734.82273963,28523.23299852,211.58974111,28311.64325741,1.162719,-0.510016,-0.822088,-2.346645,2.767441
2026-06-15,2996.40036943,2755.88658982,240.51377946,8279.83117135,8095.91538049,183.91579065,13219.87682561,13080.54996501,140.23079769,27298.86520995,27369.10259889,-69.33345226,28979.38436116,28763.74677813,215.63758303,28548.1091951,2.39448,3.013933,3.777907,0.979655,2.727908
2026-06-16,3197.78760838,2932.59082882,265.19678014,9108.22683605,8606.38996188,501.83687498,13878.44912872,13511.34190511,367.10722346,27860.12236355,27678.31769832,182.70860291,29248.61966559,29028.94355769,219.6761079,28809.26744979,-0.15292,3.426639,1.716469,-0.617083,2.743767
2026-06-17,3314.89785453,3034.17855744,280.71929665,9509.08583234,8722.65597608,786.42985625,14792.51663426,14062.68476675,729.83186744,27989.10197637,27611.61461143,378.39130244,29528.86169592,29309.66285478,219.19884114,29090.46401364,0.965431,3.224935,3.849412,-0.150299,2.756264
2026-06-18,3573.87580356,3445.22870548,128.64709798,10086.56126647,9411.99809174,674.56317477,15997.00049414,15085.7972248,911.20326961,28784.44690583,28343.16963624,442.1812065,29655.11867332,29438.30995286,216.80872046,29221.5012324,0.207092,1.019806,4.641408,0.751378,2.770167
2026-06-22,3995.91678263,3705.66730172,290.56294816,10884.69044072,10185.07456464,699.92934279,17078.87841853,15873.55198328,1205.63990239,29800.24937341,28928.84324007,872.62353783,29950.31276856,29728.55943377,221.75333479,29506.80609898,2.389097,3.59168,5.909957,5.039285,2.749658
2026-06-23,3537.87463639,3476.50662698,61.36800928,11107.66722258,10627.40263418,480.57805542,17620.35268549,16594.17202044,1026.49413221,30840.2295111,29674.72198545,1166.7249299,30009.71239804,29789.92744318,219.78495486,29570.14248832,-2.772365,-0.243341,0.56572,4.365,2.803492
2026-06-24,3378.40397113,3241.56705383,136.8369175,10912.19539015,10423.74098253,488.76787494,17800.96904824,16903.14824545,898.13426957,31679.41817696,30414.49015056,1265.24149303,30151.4929313,29926.76436048,224.72857082,29702.03578966,0.48042,0.028758,1.203618,2.940747,2.805652
2026-06-25,3889.14644621,3713.94253959,175.20390693,10805.42505373,10432.0162204,373.40883371,18375.21763992,17582.9122276,792.61887985,33167.73427418,31645.59699435,1522.45074729,30329.91749139,30101.9682671,227.94922429,29874.01904281,1.559454,-0.78176,1.799042,5.717706,2.809927
2026-06-26,3550.42003438,3756.98601824,-206.5659843,10817.97045172,10712.49561166,105.47484013,18351.76187074,17894.66954036,457.40579757,34348.76236488,32980.46676516,1368.60906718,30119.61034065,29895.40228324,224.20805741,29671.19422583,-3.025501,-1.040079,-1.484906,3.087581,2.865168
2026-06-29,3368.12341878,3454.47229733,-86.34887801,10807.68989937,10925.40085516,-117.71095538,17723.96850689,17643.47453597,80.4939714,34802.84692542,33517.02651925,1286.13387379,30036.81403983,29809.05340469,227.76063514,29581.29276955,1.20579,-0.325686,-2.623442,3.131471,2.837754
2026-06-30,3355.29398165,3193.4149303,161.87905119,10273.83743481,10404.87324587,-131.03581112,17541.38785215,17360.38283929,181.00501331,35161.74053764,33954.55485973,1207.49914552,30203.96491899,29970.93245604,233.03246295,29737.89999309,1.065814,-0.810163,1.220616,1.793241,2.820507
2026-07-01,3928.49086967,3829.51684852,98.97402121,10651.9082701,10477.40407615,174.50419439,18091.47475069,17948.33263398,143.14211702,35892.44379893,34851.48087943,1041.27638659,30304.74237454,30069.90647719,234.83589735,29835.07057984,-0.4108,1.864271,0.322831,1.530335,2.81728
2026-07-02,3243.87724852,3309.20538633,-65.32813796,10527.66209984,10332.13716515,195.52493444,17446.205553,17543.59548072,-97.38992787,35821.42319292,35126.50770832,695.22895198,30228.96231933,30004.57833938,224.38397995,29780.19435943,-2.9579,-2.32651,-4.139518,-2.414948,2.877713
2026-07-03,2968.97316175,3166.3159247,-197.34276338,10141.34127994,10305.03815955,-163.69688013,16864.75868037,16952.92538718,-88.16670695,35216.52055111,34847.59492754,369.23909062,30033.36934139,29807.23557643,226.13376496,29581.10181147,0.620868,-2.756521,-0.535037,-2.011999,2.843354
2026-07-06,2816.76465768,2922.47473888,-105.71008136,9029.61506795,9397.99604991,-368.3809827,16313.39991927,16420.92782873,-107.5279103,34037.36842616,34064.4023647,-27.0339389,29926.13875973,29701.52549523,224.6132645,29476.91223073,-0.003629,-2.35894,-1.723653,-4.301876,2.849129
2026-07-07,2289.76847766,2420.93731412,-131.16883602,8075.50629709,8509.7279777,-434.22168076,15247.87441528,15648.45021255,-400.57579751,32789.26226743,33008.83305184,-219.5707842,29790.1210768,29570.35665877,219.76441803,29350.59224074,-1.027171,-0.416294,-3.75887,-2.584135,2.880267
2026-07-08,2277.29413506,2466.50540172,-189.21126715,7383.8272704,7809.91745472,-426.09018453,13596.67768067,14285.43876575,-688.76108587,31688.15243136,32233.77139973,-545.61896885,29596.57079197,29381.14539211,215.42539986,29165.71999225,-0.766415,-1.789277,-4.102529,-3.792943,2.891307
2026-07-09,2792.23386114,2831.73716898,-39.50330789,7359.29647386,7719.17988482,-359.88341106,13145.03429329,13807.9705484,-662.9362558,30591.23984629,31351.56602912,-760.32618367,29561.96187273,29341.64208427,220.31978846,29121.32229581,2.539751,0.708685,1.330276,-2.864309,2.834422
2026-07-10,3212.01334912,3325.61122643,-113.59787744,8281.54134532,8623.85379713,-342.31245248,13388.07448066,13967.26585013,-579.19136986,30252.83316103,30920.19123731,-667.35807681,29447.73799912,29228.04420696,219.69379216,29008.3504148,-1.958976,-0.239463,-1.267757,-1.796011,2.853391
2026-07-13,2327.41702229,2664.12935223,-336.71233078,8331.66423255,8821.47774764,-489.81351611,12898.72684527,13708.92046348,-810.19361928,29212.12676454,30129.84829221,-917.72152958,29101.95325727,28891.33187702,210.62138025,28680.71049677,-1.786394,-1.264859,-3.027986,-4.699446,2.900999
2026-07-14,2412.84214334,2522.99579297,-110.15364845,7952.27251475,8512.73637163,-560.46385667,13021.80051095,13810.97894233,-789.17843171,28269.67492623,29459.42915488,-1189.75422922,28994.3913109,28781.17822739,213.21308351,28567.96514388,2.153584,-1.636698,0.088468,-3.673728,2.840855
2026-07-15,2336.54440696,2454.180495,-117.63608839,7076.80357259,7641.3056402,-564.50206762,13081.05078285,13798.65403561,-717.60325295,26677.72846352,28084.09280136,-1406.36433882,28874.95888072,28663.54213935,211.41674137,28452.12539798,-0.202631,0.125421,0.657108,-3.472379,2.841093
2026-07-16,2079.2372093,2365.77136618,-286.53415702,6828.6237596,7342.94765415,-514.32389386,12368.05413101,13332.68823281,-964.63410208,25513.0884243,27140.65878121,-1627.57035788,28581.55886773,28377.00798247,204.55088526,28172.45709721,-1.845674,0.064987,-3.647799,-2.36605,2.861582
2026-07-17,2063.40367665,2864.73636624,-800.77909694,6479.18529291,7684.68822742,-1204.94934235,11219.44445854,12871.81337262,-1651.81532158,24607.5189392,26839.07922275,-2231.00669144,27769.86684954,27575.67529288,194.19155666,27381.48373622,-3.60416,-5.575036,-5.264644,-6.465658,2.892601
2026-07-20,2147.69058951,2745.60430929,-597.91371947,6290.33147546,7976.11204171,-1685.22697343,11039.71802576,12953.28832968,-1913.01671027,23938.44487103,26662.20879316,-2723.21032955,27175.77826346,26977.7615731,198.01669036,26779.74488274,1.528462,-3.937133,-2.067184,-5.032575,2.827415
2026-07-21,2675.86624183,2674.83121522,1.03502622,6886.96050799,8285.17189075,-1397.65779019,11302.74212425,13105.12375193,-1801.8280356,24324.5426352,26916.10269426,-2591.00646731,27182.82342032,26978.79659971,204.02682061,26774.7697791,3.064334,0.868253,-1.194064,-1.106653,2.759477
2026-07-22,2468.61374374,2461.15296888,7.46077462,7292.17057508,7881.58849339,-589.41791863,11434.81146103,13112.09622581,-1676.73117259,24515.86224388,26910.75026142,-2394.33442554,27197.75188543,26986.25737457,211.49451086,26774.76286371,-0.463884,4.154227,-1.452721,-0.805159,2.770924
2026-07-23,1908.49979806,2006.1431371,-97.64333919,7052.97978363,7142.1273212,-89.14753835,11264.07404979,12752.46799673,-1487.84035476,23632.1281808,26085.15622954,-2452.47445684,27103.12723434,26888.61403553,214.51319881,26674.10083672,0.228048,2.820182,0.629303,-3.041452,2.74678
2026-07-24,1635.89385521,1858.47643122,-222.58257581,6013.00739701,6325.7725372,-312.76514038,10836.56422835,11746.20806171,-909.64383363,22056.00868689,24618.02143433,-2561.45915521,26879.36306632,26666.03145952,213.3316068,26452.69985272,-1.66688,-1.899824,2.651664,-2.75258,2.778526
2026-07-27,1844.97866748,1744.2148616,100.76380715,5389.37232075,5608.83442992,-219.46210785,10533.85230632,10744.81861402,-210.96630701,21573.57033208,23698.1069437,-2123.98301728,26985.70808805,26766.7952654,218.91282265,26547.88244275,1.145049,-0.314103,2.264009,0.150024,2.733466
2026-07-28,1695.25828434,1993.02760598,-297.76932224,5176.13080703,5595.7188988,-419.5880909,9553.24434883,10063.01500478,-509.77065547,20855.98647308,23168.13875671,-2311.59869107,26691.09579324,26469.02594376,222.06984948,26246.95609428,-2.826279,-3.351909,-3.580861,-4.732167,2.756649
2026-07-29,1907.70654823,2163.60639684,-255.89984839,5447.94350005,5900.84886442,-452.90536348,8992.33715332,9765.46843274,-773.13127848,20427.14861435,22877.56465855,-2449.86245107,26434.67137011,26213.12609515,221.54527496,25991.58082019,0.672694,-1.052426,-2.479876,-3.896571,2.712077
2026-07-30,1934.2853637,2302.19470188,-367.9093379,5537.25019627,6458.8287047,-921.57850853,9018.12271896,10061.51999752,-1043.39727719,20282.19676875,22813.98799425,-2531.23763195,26065.27641339,25845.21675697,220.05965642,25625.15710055,-1.098683,-3.24741,-3.770762,-3.165188,2.708629
2026-07-31,2440.94902164,2394.99490365,46.03577617,6282.94093357,6860.79600237,-577.77341012,9823.17788539,10598.03846995,-774.77892521,20659.74211374,22344.24653166,-1684.42275884,26113.2688191,25891.17087496,222.09794414,25669.07293082,0.845694,0.408649,-1.311946,1.304929,2.678112
2026-08-03,1660.98012624,1748.58751608,-87.60738987,6036.21451158,6445.77712161,-409.4809516,9639.17934415,10602.41112443,-963.15012223,20173.03165047,21347.22973845,-1174.11642924,26025.26501278,25803.56348512,221.70152766,25581.86195746,-0.981185,-1.240892,-3.38653,-1.199192,2.679801
2026-08-04,2109.85056732,1990.27670292,119.57386375,6211.7797152,6133.85912265,78.00225005,10053.77162713,10599.66022137,-545.80693624,19607.01597596,20662.67522615,-1055.57759171,26152.21053643,25923.13734952,229.07318691,25694.06416261,1.271187,1.12557,0.687312,-2.918161,2.659012
2026-08-05,2604.65292992,2482.41884845,122.23408151,6375.48362348,6221.28306745,154.20055539,10750.71800882,10918.47267298,-167.67300634,19743.05516214,20683.94110572,-940.80428482,26284.66325975,26045.37143099,239.29182876,25806.07960223,1.243759,1.524741,1.258461,-1.252623,2.628435
2026-08-06,2368.38898384,2258.09666425,110.29231971,7082.89248108,6730.79221562,352.10026497,11184.82162896,10874.37463535,310.52865127,20202.94434792,20935.89463287,-732.86862592,26398.5941318,26155.66375058,242.93038122,25912.73336936,-0.146949,2.380089,2.232878,-1.622081,2.630586
2026-08-07,2557.77250477,2487.99517749,69.7773274,7530.81441853,7228.51069019,302.30372862,11301.64511209,10967.37490919,334.2702025,21124.82299748,21565.41337914,-440.50872271,26475.41469745,26225.44107786,249.97361959,25975.46745827,0.927195,2.03233,2.3155,0.973176,2.607786
2026-08-10,2362.17235703,2221.4493644,140.72299285,7288.33384564,6967.54120614,320.79263996,12002.83734288,11440.23675751,562.60058522,21642.01668703,22042.64788194,-400.54953701,26621.56322119,26366.16407049,255.3991507,26110.76491979,0.161642,0.941785,3.496376,-0.008559,2.605837
2026-08-11,2173.82568212,2160.7875717,13.03810974,7093.77054392,6870.23211359,223.53842999,12066.81245768,11610.74762629,456.06483121,22120.58408481,22210.40784766,-89.74210503,26633.2913308,26379.20218091,254.08914989,26125.11303102,-0.813182,0.268288,1.366208,2.062911,2.624704
2026-08-12,2022.81991819,1928.189341,94.63057801,6558.81795734,6310.4262771,248.3916806,11484.97944595,11056.51811884,428.46132771,22235.69745477,21974.99079182,260.78832137,26731.72846985,26473.8327581,257.89571175,26215.93704635,0.581669,-0.074982,0.703317,1.970629,2.616551
2026-08-13,2421.10328924,2397.53053884,23.57275022,6617.74888955,6486.50745154,131.24143797,11537.69375135,11195.95199343,341.74175822,22722.51538031,22070.32662878,652.27040949,26757.18219519,26497.4055085,259.77668669,26237.62882181,-0.574839,-0.809724,0.271784,2.51073,2.63679
2026-08-14,2008.73951059,2027.28487913,-18.54536828,6452.66271802,6353.00475897,99.65795995,10988.66075717,10735.24169507,253.41906254,22290.30586926,21702.61660426,587.68926504,26738.59306158,26478.86013996,259.73292162,26219.12721834,0.041379,0.044867,-0.60828,1.693136,2.63132
2026-08-17,2355.54765126,2177.69840261,177.84924769,6785.39045109,6602.51382058,182.87662963,10982.0360514,10691.49073328,290.54531738,22984.87339428,22131.72749079,853.1459026,26924.7360301,26656.70938861,268.02664149,26388.68274712,1.612062,1.069761,0.830991,4.356422,2.60349
2026-08-18,2295.51759636,2243.53789105,51.97970485,6659.80475821,6448.52117279,211.28358426,11103.72796564,10774.24105263,329.48691249,23170.54042332,22384.98867892,785.5517437,26979.13091887,26708.68909392,270.44182495,26438.24726897,-0.322387,1.326388,1.329921,2.714299,2.610202
2026-08-19,2155.11837044,2452.29311142,-297.17474067,6806.18361806,6873.52940508,-67.34578813,11236.02641789,11298.34482305,-62.31840619,22721.00586384,22354.86294189,366.14292152,26676.04577747,26411.51435294,264.53142453,26146.98292841,-2.901467,-1.654258,-2.179126,-1.491135,2.668862
2026-08-20,1888.29242476,1904.58828759,-16.29586295,6338.92839156,6600.41929006,-261.49089877,10703.21555341,10805.4025718,-102.18701936,22240.90930476,22001.35456523,239.55473886,26663.56485483,26395.21849011,268.34636472,26126.87212539,0.088367,-3.128973,-1.526622,-1.258987,2.654459
2026-08-21,1686.45073465,1748.51652389,-62.06578874,5729.86152985,6105.3979229,-375.53639236,10380.92677747,10526.63421656,-145.70743982,21369.58753464,21261.87591163,107.71162272,26603.69601883,26333.15270087,270.54331796,26062.60938291,0.569262,-2.26243,-1.007012,-1.609167,2.64247
2026-08-24,1705.39316083,1747.79677896,-42.40361869,5280.13632024,5400.90159044,-120.76527038,9730.77228704,10096.73259291,-365.9603062,20712.80833844,20788.22332619,-75.41498882,26564.94252889,26290.74908274,274.19344615,26016.55563659,-1.207401,-0.557215,-3.753803,-2.954006,2.665023
2026-08-25,1573.88448464,1580.86073602,-6.97625143,4965.72838012,5077.17403887,-111.44565886,9009.13917532,9434.05543788,-424.91626248,20112.86714096,20208.29649051,-95.42934999,26559.67230666,26283.77283136,275.8994753,26007.87335606,-0.243123,-0.886567,-3.677267,-2.396251,2.657608
2026-08-26,1580.45493945,1613.68841184,-33.23347234,4859.73258492,4942.34592682,-82.61334246,8434.47574433,8595.4507383,-160.97499415,19670.50216222,19893.79556135,-223.29340034,26531.74511919,26250.53935897,281.20576022,25969.33359875,0.851508,-0.608407,0.045721,-2.134402,2.639275
2026-08-27,2031.68293313,1918.13070085,113.55223247,5186.02235722,5112.67984871,73.3425087,8577.8662527,8608.99315156,-31.12689873,19281.08180611,19414.39572336,-133.31391809,26651.16786778,26364.09159125,287.07627653,26077.01531472,0.860058,1.471587,0.817083,-0.722012,2.616376
2026-08-28,1904.29453014,1965.88683643,-61.59230634,5516.43240272,5497.70594912,18.72645379,8795.71004819,8826.3634641,-30.65341633,19176.63682566,19352.99768066,-176.36085615,26591.10706352,26302.49928496,288.60777856,26013.8915064,-0.455709,1.255347,-0.210414,-1.215307,2.616041
2026-08-31,1915.22751897,1862.81229555,52.41522277,5851.20498224,5746.82983283,104.3751489,9005.54440633,8941.37898069,64.16542513,18736.31669337,19038.1115736,-301.79488107,26647.49538147,26354.91450838,292.58087309,26062.33363529,0.345177,0.746989,1.357832,-2.446942,2.601952
